"participant_id","language","age","device","trial","hue","response","response_label"
1,"English",32.6,"Android",1,155.7,1,"green"
1,"English",32.6,"Android",2,197.8,0,"blue"
1,"English",32.6,"Android",3,163.4,1,"green"
1,"English",32.6,"Android",4,189,0,"blue"
1,"English",32.6,"Android",5,201.4,0,"blue"
1,"English",32.6,"Android",6,161.6,1,"green"
1,"English",32.6,"Android",7,163.2,1,"green"
1,"English",32.6,"Android",8,173.8,0,"blue"
1,"English",32.6,"Android",9,188.4,0,"blue"
1,"English",32.6,"Android",10,176.7,1,"green"
1,"English",32.6,"Android",11,151.4,1,"green"
1,"English",32.6,"Android",12,157.2,1,"green"
1,"English",32.6,"Android",13,208.6,0,"blue"
1,"English",32.6,"Android",14,186.1,0,"blue"
1,"English",32.6,"Android",15,201.1,0,"blue"
1,"English",32.6,"Android",16,185.4,1,"green"
2,"English",57.2,"iPhone",1,178.7,1,"green"
2,"English",57.2,"iPhone",2,180.7,0,"blue"
2,"English",57.2,"iPhone",3,154.5,1,"green"
2,"English",57.2,"iPhone",4,177.3,0,"blue"
2,"English",57.2,"iPhone",5,165.7,1,"green"
2,"English",57.2,"iPhone",6,178.9,0,"blue"
2,"English",57.2,"iPhone",7,196.1,1,"green"
2,"English",57.2,"iPhone",8,202.3,0,"blue"
2,"English",57.2,"iPhone",9,202.4,0,"blue"
2,"English",57.2,"iPhone",10,204.8,0,"blue"
2,"English",57.2,"iPhone",11,184.8,0,"blue"
2,"English",57.2,"iPhone",12,171.2,1,"green"
2,"English",57.2,"iPhone",13,166.3,1,"green"
2,"English",57.2,"iPhone",14,161.2,1,"green"
2,"English",57.2,"iPhone",15,168.5,1,"green"
2,"English",57.2,"iPhone",16,152.5,1,"green"
3,"English",46.7,"iPhone",1,173.4,1,"green"
3,"English",46.7,"iPhone",2,154.8,1,"green"
3,"English",46.7,"iPhone",3,178.3,1,"green"
3,"English",46.7,"iPhone",4,205.1,0,"blue"
3,"English",46.7,"iPhone",5,169.6,1,"green"
3,"English",46.7,"iPhone",6,187.1,1,"green"
3,"English",46.7,"iPhone",7,155.2,1,"green"
3,"English",46.7,"iPhone",8,168.9,1,"green"
3,"English",46.7,"iPhone",9,205.8,0,"blue"
3,"English",46.7,"iPhone",10,161.5,1,"green"
3,"English",46.7,"iPhone",11,187.6,1,"green"
3,"English",46.7,"iPhone",12,160.5,1,"green"
3,"English",46.7,"iPhone",13,168.7,1,"green"
3,"English",46.7,"iPhone",14,162.5,1,"green"
3,"English",46.7,"iPhone",15,194.3,0,"blue"
3,"English",46.7,"iPhone",16,190.9,0,"blue"
4,"English",52.8,"Android",1,166.3,1,"green"
4,"English",52.8,"Android",2,195.9,0,"blue"
4,"English",52.8,"Android",3,201.7,0,"blue"
4,"English",52.8,"Android",4,151.8,1,"green"
4,"English",52.8,"Android",5,203.9,0,"blue"
4,"English",52.8,"Android",6,177.4,1,"green"
4,"English",52.8,"Android",7,200.3,0,"blue"
4,"English",52.8,"Android",8,200.7,0,"blue"
4,"English",52.8,"Android",9,166.7,1,"green"
4,"English",52.8,"Android",10,162.5,1,"green"
4,"English",52.8,"Android",11,179.7,0,"blue"
4,"English",52.8,"Android",12,173,1,"green"
4,"English",52.8,"Android",13,170.3,1,"green"
4,"English",52.8,"Android",14,158.1,1,"green"
4,"English",52.8,"Android",15,170.2,1,"green"
4,"English",52.8,"Android",16,163.3,1,"green"
5,"English",48.5,"Android",1,198,0,"blue"
5,"English",48.5,"Android",2,170.4,1,"green"
5,"English",48.5,"Android",3,157.6,1,"green"
5,"English",48.5,"Android",4,201.2,0,"blue"
5,"English",48.5,"Android",5,203.1,0,"blue"
5,"English",48.5,"Android",6,204.3,0,"blue"
5,"English",48.5,"Android",7,165.4,1,"green"
5,"English",48.5,"Android",8,169.8,1,"green"
5,"English",48.5,"Android",9,178.5,0,"blue"
5,"English",48.5,"Android",10,159.1,1,"green"
5,"English",48.5,"Android",11,164.1,1,"green"
5,"English",48.5,"Android",12,200.8,0,"blue"
5,"English",48.5,"Android",13,206.6,0,"blue"
5,"English",48.5,"Android",14,171,1,"green"
5,"English",48.5,"Android",15,196.7,0,"blue"
5,"English",48.5,"Android",16,207.6,0,"blue"
6,"English",64.1,"iPhone",1,183.6,1,"green"
6,"English",64.1,"iPhone",2,172.8,1,"green"
6,"English",64.1,"iPhone",3,207.9,0,"blue"
6,"English",64.1,"iPhone",4,187.1,0,"blue"
6,"English",64.1,"iPhone",5,193.4,0,"blue"
6,"English",64.1,"iPhone",6,166.5,1,"green"
6,"English",64.1,"iPhone",7,153.9,1,"green"
6,"English",64.1,"iPhone",8,169.3,1,"green"
6,"English",64.1,"iPhone",9,168.4,1,"green"
6,"English",64.1,"iPhone",10,191,0,"blue"
6,"English",64.1,"iPhone",11,156,1,"green"
6,"English",64.1,"iPhone",12,167.1,1,"green"
6,"English",64.1,"iPhone",13,196.1,0,"blue"
6,"English",64.1,"iPhone",14,163.5,1,"green"
6,"English",64.1,"iPhone",15,182.1,0,"blue"
6,"English",64.1,"iPhone",16,198.7,0,"blue"
7,"English",42.8,"iPhone",1,178.6,1,"green"
7,"English",42.8,"iPhone",2,172.1,1,"green"
7,"English",42.8,"iPhone",3,159.9,1,"green"
7,"English",42.8,"iPhone",4,169.4,1,"green"
7,"English",42.8,"iPhone",5,160.7,1,"green"
7,"English",42.8,"iPhone",6,185.2,0,"blue"
7,"English",42.8,"iPhone",7,185.4,0,"blue"
7,"English",42.8,"iPhone",8,174.4,1,"green"
7,"English",42.8,"iPhone",9,162.9,1,"green"
7,"English",42.8,"iPhone",10,158.6,1,"green"
7,"English",42.8,"iPhone",11,170.1,1,"green"
7,"English",42.8,"iPhone",12,198,0,"blue"
7,"English",42.8,"iPhone",13,205.6,0,"blue"
7,"English",42.8,"iPhone",14,155.1,1,"green"
7,"English",42.8,"iPhone",15,187.4,0,"blue"
7,"English",42.8,"iPhone",16,154.5,1,"green"
8,"English",40,"Other",1,171.8,0,"blue"
8,"English",40,"Other",2,157.8,1,"green"
8,"English",40,"Other",3,201.6,0,"blue"
8,"English",40,"Other",4,151.1,1,"green"
8,"English",40,"Other",5,153.3,1,"green"
8,"English",40,"Other",6,208.2,0,"blue"
8,"English",40,"Other",7,161.5,1,"green"
8,"English",40,"Other",8,195.7,0,"blue"
8,"English",40,"Other",9,178.6,0,"blue"
8,"English",40,"Other",10,193.6,1,"green"
8,"English",40,"Other",11,174.7,1,"green"
8,"English",40,"Other",12,189.3,0,"blue"
8,"English",40,"Other",13,156.3,1,"green"
8,"English",40,"Other",14,197.3,0,"blue"
8,"English",40,"Other",15,206.9,0,"blue"
8,"English",40,"Other",16,180.3,1,"green"
9,"English",31.2,"Android",1,175.6,1,"green"
9,"English",31.2,"Android",2,194.9,0,"blue"
9,"English",31.2,"Android",3,175.3,1,"green"
9,"English",31.2,"Android",4,203.8,0,"blue"
9,"English",31.2,"Android",5,197.2,0,"blue"
9,"English",31.2,"Android",6,196.3,0,"blue"
9,"English",31.2,"Android",7,184,1,"green"
9,"English",31.2,"Android",8,175.4,1,"green"
9,"English",31.2,"Android",9,191.2,0,"blue"
9,"English",31.2,"Android",10,195.8,0,"blue"
9,"English",31.2,"Android",11,174.3,1,"green"
9,"English",31.2,"Android",12,207.8,0,"blue"
9,"English",31.2,"Android",13,170.5,1,"green"
9,"English",31.2,"Android",14,155.3,1,"green"
9,"English",31.2,"Android",15,161.6,1,"green"
9,"English",31.2,"Android",16,183.1,1,"green"
10,"English",31.1,"Other",1,170.5,0,"blue"
10,"English",31.1,"Other",2,196.4,1,"green"
10,"English",31.1,"Other",3,181.6,0,"blue"
10,"English",31.1,"Other",4,185.5,0,"blue"
10,"English",31.1,"Other",5,193.4,0,"blue"
10,"English",31.1,"Other",6,199.4,0,"blue"
10,"English",31.1,"Other",7,191.2,0,"blue"
10,"English",31.1,"Other",8,191.7,0,"blue"
10,"English",31.1,"Other",9,180,0,"blue"
10,"English",31.1,"Other",10,200.5,0,"blue"
10,"English",31.1,"Other",11,205.7,0,"blue"
10,"English",31.1,"Other",12,198.8,0,"blue"
10,"English",31.1,"Other",13,161.6,1,"green"
10,"English",31.1,"Other",14,184.6,1,"green"
10,"English",31.1,"Other",15,170.4,1,"green"
10,"English",31.1,"Other",16,190.6,0,"blue"
11,"English",60.6,"Android",1,161.2,1,"green"
11,"English",60.6,"Android",2,159.6,1,"green"
11,"English",60.6,"Android",3,167.6,1,"green"
11,"English",60.6,"Android",4,206.5,0,"blue"
11,"English",60.6,"Android",5,195.3,0,"blue"
11,"English",60.6,"Android",6,177.3,1,"green"
11,"English",60.6,"Android",7,152.1,1,"green"
11,"English",60.6,"Android",8,177.4,1,"green"
11,"English",60.6,"Android",9,162.9,1,"green"
11,"English",60.6,"Android",10,202.4,0,"blue"
11,"English",60.6,"Android",11,208.8,0,"blue"
11,"English",60.6,"Android",12,199,0,"blue"
11,"English",60.6,"Android",13,190.1,0,"blue"
11,"English",60.6,"Android",14,177.1,0,"blue"
11,"English",60.6,"Android",15,190.8,1,"green"
11,"English",60.6,"Android",16,183.7,0,"blue"
12,"English",59,"iPhone",1,199.4,0,"blue"
12,"English",59,"iPhone",2,204.4,0,"blue"
12,"English",59,"iPhone",3,151.6,1,"green"
12,"English",59,"iPhone",4,152.5,1,"green"
12,"English",59,"iPhone",5,163.3,1,"green"
12,"English",59,"iPhone",6,155.4,1,"green"
12,"English",59,"iPhone",7,200.7,0,"blue"
12,"English",59,"iPhone",8,175,0,"blue"
12,"English",59,"iPhone",9,152.3,1,"green"
12,"English",59,"iPhone",10,161.8,1,"green"
12,"English",59,"iPhone",11,192.6,0,"blue"
12,"English",59,"iPhone",12,162.2,1,"green"
12,"English",59,"iPhone",13,179.7,0,"blue"
12,"English",59,"iPhone",14,193,0,"blue"
12,"English",59,"iPhone",15,150.8,1,"green"
12,"English",59,"iPhone",16,188.6,0,"blue"
13,"English",22.9,"Android",1,158,1,"green"
13,"English",22.9,"Android",2,201.2,0,"blue"
13,"English",22.9,"Android",3,161.9,1,"green"
13,"English",22.9,"Android",4,179.3,0,"blue"
13,"English",22.9,"Android",5,159.1,1,"green"
13,"English",22.9,"Android",6,182.6,0,"blue"
13,"English",22.9,"Android",7,159,1,"green"
13,"English",22.9,"Android",8,169.4,1,"green"
13,"English",22.9,"Android",9,153.8,1,"green"
13,"English",22.9,"Android",10,168.8,1,"green"
13,"English",22.9,"Android",11,183.2,0,"blue"
13,"English",22.9,"Android",12,169,1,"green"
13,"English",22.9,"Android",13,188.7,0,"blue"
13,"English",22.9,"Android",14,169.6,1,"green"
13,"English",22.9,"Android",15,182.9,0,"blue"
13,"English",22.9,"Android",16,197.9,0,"blue"
14,"English",19.7,"Other",1,193.1,0,"blue"
14,"English",19.7,"Other",2,200.8,0,"blue"
14,"English",19.7,"Other",3,168.6,1,"green"
14,"English",19.7,"Other",4,176.6,0,"blue"
14,"English",19.7,"Other",5,164.2,1,"green"
14,"English",19.7,"Other",6,168.3,1,"green"
14,"English",19.7,"Other",7,204.6,0,"blue"
14,"English",19.7,"Other",8,181.8,0,"blue"
14,"English",19.7,"Other",9,154.6,1,"green"
14,"English",19.7,"Other",10,157.5,1,"green"
14,"English",19.7,"Other",11,166.4,1,"green"
14,"English",19.7,"Other",12,155,1,"green"
14,"English",19.7,"Other",13,173.6,0,"blue"
14,"English",19.7,"Other",14,171.9,1,"green"
14,"English",19.7,"Other",15,167.3,1,"green"
14,"English",19.7,"Other",16,163.8,1,"green"
15,"English",29,"Android",1,184.2,1,"green"
15,"English",29,"Android",2,191.7,0,"blue"
15,"English",29,"Android",3,150.9,1,"green"
15,"English",29,"Android",4,160.1,1,"green"
15,"English",29,"Android",5,174.3,1,"green"
15,"English",29,"Android",6,196.7,0,"blue"
15,"English",29,"Android",7,180.6,1,"green"
15,"English",29,"Android",8,161.2,1,"green"
15,"English",29,"Android",9,189.7,0,"blue"
15,"English",29,"Android",10,161.6,1,"green"
15,"English",29,"Android",11,184,0,"blue"
15,"English",29,"Android",12,156.4,1,"green"
15,"English",29,"Android",13,197.2,0,"blue"
15,"English",29,"Android",14,163.6,1,"green"
15,"English",29,"Android",15,206.3,0,"blue"
15,"English",29,"Android",16,201.7,0,"blue"
16,"English",28,"iPhone",1,199.5,0,"blue"
16,"English",28,"iPhone",2,194.2,0,"blue"
16,"English",28,"iPhone",3,171,1,"green"
16,"English",28,"iPhone",4,165.2,1,"green"
16,"English",28,"iPhone",5,174.1,1,"green"
16,"English",28,"iPhone",6,205.8,0,"blue"
16,"English",28,"iPhone",7,160.9,1,"green"
16,"English",28,"iPhone",8,203,0,"blue"
16,"English",28,"iPhone",9,185.3,0,"blue"
16,"English",28,"iPhone",10,157.2,1,"green"
16,"English",28,"iPhone",11,191.4,1,"green"
16,"English",28,"iPhone",12,208.6,0,"blue"
16,"English",28,"iPhone",13,192,0,"blue"
16,"English",28,"iPhone",14,164.6,1,"green"
16,"English",28,"iPhone",15,165,1,"green"
16,"English",28,"iPhone",16,152.4,1,"green"
17,"English",37.2,"Other",1,207.3,0,"blue"
17,"English",37.2,"Other",2,194,0,"blue"
17,"English",37.2,"Other",3,189.6,0,"blue"
17,"English",37.2,"Other",4,156.2,1,"green"
17,"English",37.2,"Other",5,176.5,1,"green"
17,"English",37.2,"Other",6,154.5,1,"green"
17,"English",37.2,"Other",7,204.6,0,"blue"
17,"English",37.2,"Other",8,165.8,1,"green"
17,"English",37.2,"Other",9,160.7,1,"green"
17,"English",37.2,"Other",10,200.1,0,"blue"
17,"English",37.2,"Other",11,155.9,1,"green"
17,"English",37.2,"Other",12,199.6,0,"blue"
17,"English",37.2,"Other",13,192.3,0,"blue"
17,"English",37.2,"Other",14,174.7,0,"blue"
17,"English",37.2,"Other",15,154.6,1,"green"
17,"English",37.2,"Other",16,207.8,0,"blue"
18,"English",29,"Other",1,186,0,"blue"
18,"English",29,"Other",2,164,1,"green"
18,"English",29,"Other",3,197.5,0,"blue"
18,"English",29,"Other",4,186.7,0,"blue"
18,"English",29,"Other",5,178,1,"green"
18,"English",29,"Other",6,188.4,0,"blue"
18,"English",29,"Other",7,176,0,"blue"
18,"English",29,"Other",8,201.6,0,"blue"
18,"English",29,"Other",9,153.5,1,"green"
18,"English",29,"Other",10,207.4,0,"blue"
18,"English",29,"Other",11,175.7,0,"blue"
18,"English",29,"Other",12,181.4,0,"blue"
18,"English",29,"Other",13,179.6,1,"green"
18,"English",29,"Other",14,196,0,"blue"
18,"English",29,"Other",15,157.1,1,"green"
18,"English",29,"Other",16,164.9,1,"green"
19,"English",52.2,"Other",1,199.2,0,"blue"
19,"English",52.2,"Other",2,153.6,1,"green"
19,"English",52.2,"Other",3,197.6,0,"blue"
19,"English",52.2,"Other",4,177.8,0,"blue"
19,"English",52.2,"Other",5,152.5,1,"green"
19,"English",52.2,"Other",6,161.5,1,"green"
19,"English",52.2,"Other",7,161.7,1,"green"
19,"English",52.2,"Other",8,166.2,1,"green"
19,"English",52.2,"Other",9,157.8,1,"green"
19,"English",52.2,"Other",10,184.1,0,"blue"
19,"English",52.2,"Other",11,190.4,0,"blue"
19,"English",52.2,"Other",12,169.8,1,"green"
19,"English",52.2,"Other",13,191.2,0,"blue"
19,"English",52.2,"Other",14,150.1,1,"green"
19,"English",52.2,"Other",15,209.3,0,"blue"
19,"English",52.2,"Other",16,161.8,1,"green"
20,"English",48.8,"Other",1,150.4,1,"green"
20,"English",48.8,"Other",2,168,1,"green"
20,"English",48.8,"Other",3,183.1,0,"blue"
20,"English",48.8,"Other",4,194.7,0,"blue"
20,"English",48.8,"Other",5,154.8,1,"green"
20,"English",48.8,"Other",6,156.9,1,"green"
20,"English",48.8,"Other",7,198.1,0,"blue"
20,"English",48.8,"Other",8,159.6,1,"green"
20,"English",48.8,"Other",9,201.5,0,"blue"
20,"English",48.8,"Other",10,187.8,0,"blue"
20,"English",48.8,"Other",11,190.3,0,"blue"
20,"English",48.8,"Other",12,205.3,0,"blue"
20,"English",48.8,"Other",13,164,1,"green"
20,"English",48.8,"Other",14,165.6,1,"green"
20,"English",48.8,"Other",15,170.5,0,"blue"
20,"English",48.8,"Other",16,154.6,1,"green"
21,"English",57.8,"Android",1,183.2,1,"green"
21,"English",57.8,"Android",2,180.5,1,"green"
21,"English",57.8,"Android",3,195.2,0,"blue"
21,"English",57.8,"Android",4,172.7,1,"green"
21,"English",57.8,"Android",5,209.6,0,"blue"
21,"English",57.8,"Android",6,160.7,1,"green"
21,"English",57.8,"Android",7,203.9,0,"blue"
21,"English",57.8,"Android",8,176.1,1,"green"
21,"English",57.8,"Android",9,151.6,1,"green"
21,"English",57.8,"Android",10,195.3,0,"blue"
21,"English",57.8,"Android",11,180.5,1,"green"
21,"English",57.8,"Android",12,179.7,1,"green"
21,"English",57.8,"Android",13,168.3,1,"green"
21,"English",57.8,"Android",14,173.2,1,"green"
21,"English",57.8,"Android",15,200.3,0,"blue"
21,"English",57.8,"Android",16,205.1,0,"blue"
22,"English",48.8,"Android",1,154.1,1,"green"
22,"English",48.8,"Android",2,192,0,"blue"
22,"English",48.8,"Android",3,155.4,1,"green"
22,"English",48.8,"Android",4,201.4,0,"blue"
22,"English",48.8,"Android",5,165.9,1,"green"
22,"English",48.8,"Android",6,156.4,1,"green"
22,"English",48.8,"Android",7,152,1,"green"
22,"English",48.8,"Android",8,197.5,0,"blue"
22,"English",48.8,"Android",9,177.7,1,"green"
22,"English",48.8,"Android",10,178.4,0,"blue"
22,"English",48.8,"Android",11,178.4,1,"green"
22,"English",48.8,"Android",12,183.7,1,"green"
22,"English",48.8,"Android",13,173.6,1,"green"
22,"English",48.8,"Android",14,209.1,0,"blue"
22,"English",48.8,"Android",15,199.3,0,"blue"
22,"English",48.8,"Android",16,194.2,0,"blue"
23,"English",56.9,"Android",1,199.8,0,"blue"
23,"English",56.9,"Android",2,180.8,1,"green"
23,"English",56.9,"Android",3,159.6,1,"green"
23,"English",56.9,"Android",4,209.3,0,"blue"
23,"English",56.9,"Android",5,151.7,1,"green"
23,"English",56.9,"Android",6,162.3,1,"green"
23,"English",56.9,"Android",7,156.8,1,"green"
23,"English",56.9,"Android",8,192.3,0,"blue"
23,"English",56.9,"Android",9,208.9,0,"blue"
23,"English",56.9,"Android",10,193.1,0,"blue"
23,"English",56.9,"Android",11,187.3,0,"blue"
23,"English",56.9,"Android",12,157.9,1,"green"
23,"English",56.9,"Android",13,185.9,1,"green"
23,"English",56.9,"Android",14,192.4,0,"blue"
23,"English",56.9,"Android",15,180.3,1,"green"
23,"English",56.9,"Android",16,194,0,"blue"
24,"English",29.3,"iPhone",1,179.9,0,"blue"
24,"English",29.3,"iPhone",2,165.2,1,"green"
24,"English",29.3,"iPhone",3,206.9,0,"blue"
24,"English",29.3,"iPhone",4,191.5,0,"blue"
24,"English",29.3,"iPhone",5,202.2,0,"blue"
24,"English",29.3,"iPhone",6,153.8,1,"green"
24,"English",29.3,"iPhone",7,162.4,1,"green"
24,"English",29.3,"iPhone",8,198.3,0,"blue"
24,"English",29.3,"iPhone",9,175.5,1,"green"
24,"English",29.3,"iPhone",10,185.3,1,"green"
24,"English",29.3,"iPhone",11,178.6,0,"blue"
24,"English",29.3,"iPhone",12,184.1,1,"green"
24,"English",29.3,"iPhone",13,204.6,0,"blue"
24,"English",29.3,"iPhone",14,201.3,0,"blue"
24,"English",29.3,"iPhone",15,163.6,1,"green"
24,"English",29.3,"iPhone",16,209.5,0,"blue"
25,"English",56.9,"iPhone",1,209.2,0,"blue"
25,"English",56.9,"iPhone",2,204.3,0,"blue"
25,"English",56.9,"iPhone",3,208.6,0,"blue"
25,"English",56.9,"iPhone",4,192.1,0,"blue"
25,"English",56.9,"iPhone",5,174.4,1,"green"
25,"English",56.9,"iPhone",6,169.5,1,"green"
25,"English",56.9,"iPhone",7,170.7,1,"green"
25,"English",56.9,"iPhone",8,166.2,1,"green"
25,"English",56.9,"iPhone",9,186.1,0,"blue"
25,"English",56.9,"iPhone",10,154.1,1,"green"
25,"English",56.9,"iPhone",11,207.1,0,"blue"
25,"English",56.9,"iPhone",12,202.5,0,"blue"
25,"English",56.9,"iPhone",13,200.2,0,"blue"
25,"English",56.9,"iPhone",14,180.7,0,"blue"
25,"English",56.9,"iPhone",15,205,0,"blue"
25,"English",56.9,"iPhone",16,171.4,1,"green"
26,"English",46.7,"iPhone",1,152,1,"green"
26,"English",46.7,"iPhone",2,184.4,0,"blue"
26,"English",46.7,"iPhone",3,165.5,1,"green"
26,"English",46.7,"iPhone",4,200.4,0,"blue"
26,"English",46.7,"iPhone",5,206.6,0,"blue"
26,"English",46.7,"iPhone",6,184.7,0,"blue"
26,"English",46.7,"iPhone",7,189.4,0,"blue"
26,"English",46.7,"iPhone",8,155.2,1,"green"
26,"English",46.7,"iPhone",9,177.3,0,"blue"
26,"English",46.7,"iPhone",10,154.1,1,"green"
26,"English",46.7,"iPhone",11,183,0,"blue"
26,"English",46.7,"iPhone",12,205.8,0,"blue"
26,"English",46.7,"iPhone",13,155.2,1,"green"
26,"English",46.7,"iPhone",14,209.6,1,"green"
26,"English",46.7,"iPhone",15,187.8,0,"blue"
26,"English",46.7,"iPhone",16,155.1,1,"green"
27,"English",55.7,"iPhone",1,153.5,1,"green"
27,"English",55.7,"iPhone",2,152.1,1,"green"
27,"English",55.7,"iPhone",3,182.6,0,"blue"
27,"English",55.7,"iPhone",4,208.3,0,"blue"
27,"English",55.7,"iPhone",5,196,0,"blue"
27,"English",55.7,"iPhone",6,195.4,0,"blue"
27,"English",55.7,"iPhone",7,179.6,0,"blue"
27,"English",55.7,"iPhone",8,208.9,0,"blue"
27,"English",55.7,"iPhone",9,157.2,1,"green"
27,"English",55.7,"iPhone",10,198.7,0,"blue"
27,"English",55.7,"iPhone",11,160.1,1,"green"
27,"English",55.7,"iPhone",12,196.7,0,"blue"
27,"English",55.7,"iPhone",13,187.7,1,"green"
27,"English",55.7,"iPhone",14,197.8,0,"blue"
27,"English",55.7,"iPhone",15,189,0,"blue"
27,"English",55.7,"iPhone",16,155.2,1,"green"
28,"English",23.5,"Android",1,158.6,1,"green"
28,"English",23.5,"Android",2,170.8,1,"green"
28,"English",23.5,"Android",3,166.8,1,"green"
28,"English",23.5,"Android",4,179.4,1,"green"
28,"English",23.5,"Android",5,152.4,1,"green"
28,"English",23.5,"Android",6,163.4,1,"green"
28,"English",23.5,"Android",7,205.5,0,"blue"
28,"English",23.5,"Android",8,185.6,1,"green"
28,"English",23.5,"Android",9,156.5,1,"green"
28,"English",23.5,"Android",10,208.3,0,"blue"
28,"English",23.5,"Android",11,151.3,1,"green"
28,"English",23.5,"Android",12,184,1,"green"
28,"English",23.5,"Android",13,175.5,0,"blue"
28,"English",23.5,"Android",14,159.4,1,"green"
28,"English",23.5,"Android",15,164.2,1,"green"
28,"English",23.5,"Android",16,154.2,1,"green"
29,"English",29,"Android",1,204.1,0,"blue"
29,"English",29,"Android",2,152.7,1,"green"
29,"English",29,"Android",3,202.2,0,"blue"
29,"English",29,"Android",4,192.7,0,"blue"
29,"English",29,"Android",5,188.9,0,"blue"
29,"English",29,"Android",6,162.7,1,"green"
29,"English",29,"Android",7,157.5,1,"green"
29,"English",29,"Android",8,185.5,0,"blue"
29,"English",29,"Android",9,185,0,"blue"
29,"English",29,"Android",10,202.4,0,"blue"
29,"English",29,"Android",11,155,1,"green"
29,"English",29,"Android",12,194.5,1,"green"
29,"English",29,"Android",13,202.5,0,"blue"
29,"English",29,"Android",14,152.9,1,"green"
29,"English",29,"Android",15,162.5,1,"green"
29,"English",29,"Android",16,192.6,0,"blue"
30,"English",35.3,"Other",1,171.3,1,"green"
30,"English",35.3,"Other",2,194.4,0,"blue"
30,"English",35.3,"Other",3,169.3,0,"blue"
30,"English",35.3,"Other",4,172.6,1,"green"
30,"English",35.3,"Other",5,187.3,0,"blue"
30,"English",35.3,"Other",6,168.3,1,"green"
30,"English",35.3,"Other",7,170.4,0,"blue"
30,"English",35.3,"Other",8,181.9,0,"blue"
30,"English",35.3,"Other",9,162.6,1,"green"
30,"English",35.3,"Other",10,184.9,0,"blue"
30,"English",35.3,"Other",11,175.6,1,"green"
30,"English",35.3,"Other",12,163.3,1,"green"
30,"English",35.3,"Other",13,203.8,0,"blue"
30,"English",35.3,"Other",14,182.7,0,"blue"
30,"English",35.3,"Other",15,170.9,0,"blue"
30,"English",35.3,"Other",16,154.8,1,"green"
31,"English",25.6,"Android",1,179.1,0,"blue"
31,"English",25.6,"Android",2,166.6,1,"green"
31,"English",25.6,"Android",3,191.5,0,"blue"
31,"English",25.6,"Android",4,175.8,1,"green"
31,"English",25.6,"Android",5,163.2,1,"green"
31,"English",25.6,"Android",6,154.1,1,"green"
31,"English",25.6,"Android",7,180.1,0,"blue"
31,"English",25.6,"Android",8,159.1,1,"green"
31,"English",25.6,"Android",9,179.1,0,"blue"
31,"English",25.6,"Android",10,208.4,0,"blue"
31,"English",25.6,"Android",11,161.4,1,"green"
31,"English",25.6,"Android",12,156.7,1,"green"
31,"English",25.6,"Android",13,152.5,1,"green"
31,"English",25.6,"Android",14,150.7,1,"green"
31,"English",25.6,"Android",15,195.4,0,"blue"
31,"English",25.6,"Android",16,209.1,0,"blue"
32,"English",20.2,"iPhone",1,194.9,0,"blue"
32,"English",20.2,"iPhone",2,182.9,1,"green"
32,"English",20.2,"iPhone",3,208.8,0,"blue"
32,"English",20.2,"iPhone",4,169.6,1,"green"
32,"English",20.2,"iPhone",5,205.8,0,"blue"
32,"English",20.2,"iPhone",6,155.1,1,"green"
32,"English",20.2,"iPhone",7,182,1,"green"
32,"English",20.2,"iPhone",8,193.4,0,"blue"
32,"English",20.2,"iPhone",9,159.7,1,"green"
32,"English",20.2,"iPhone",10,177.3,0,"blue"
32,"English",20.2,"iPhone",11,194.4,0,"blue"
32,"English",20.2,"iPhone",12,154.7,1,"green"
32,"English",20.2,"iPhone",13,200,0,"blue"
32,"English",20.2,"iPhone",14,192.9,0,"blue"
32,"English",20.2,"iPhone",15,205.5,0,"blue"
32,"English",20.2,"iPhone",16,196.3,0,"blue"
33,"English",54.7,"Other",1,207.5,0,"blue"
33,"English",54.7,"Other",2,180.7,0,"blue"
33,"English",54.7,"Other",3,191.8,0,"blue"
33,"English",54.7,"Other",4,151.6,1,"green"
33,"English",54.7,"Other",5,195.1,0,"blue"
33,"English",54.7,"Other",6,187.6,1,"green"
33,"English",54.7,"Other",7,180.6,1,"green"
33,"English",54.7,"Other",8,184.8,0,"blue"
33,"English",54.7,"Other",9,168.7,1,"green"
33,"English",54.7,"Other",10,191.9,0,"blue"
33,"English",54.7,"Other",11,194.7,0,"blue"
33,"English",54.7,"Other",12,154.4,1,"green"
33,"English",54.7,"Other",13,156.7,1,"green"
33,"English",54.7,"Other",14,171.1,0,"blue"
33,"English",54.7,"Other",15,181.7,0,"blue"
33,"English",54.7,"Other",16,178.9,1,"green"
34,"English",31.1,"Other",1,170.2,1,"green"
34,"English",31.1,"Other",2,201.3,0,"blue"
34,"English",31.1,"Other",3,169.6,1,"green"
34,"English",31.1,"Other",4,151.9,1,"green"
34,"English",31.1,"Other",5,191.3,0,"blue"
34,"English",31.1,"Other",6,208.2,0,"blue"
34,"English",31.1,"Other",7,186.4,0,"blue"
34,"English",31.1,"Other",8,167.3,1,"green"
34,"English",31.1,"Other",9,151.7,1,"green"
34,"English",31.1,"Other",10,173.2,1,"green"
34,"English",31.1,"Other",11,202.2,0,"blue"
34,"English",31.1,"Other",12,198.2,0,"blue"
34,"English",31.1,"Other",13,196.6,0,"blue"
34,"English",31.1,"Other",14,201.9,0,"blue"
34,"English",31.1,"Other",15,160.7,1,"green"
34,"English",31.1,"Other",16,192.7,0,"blue"
35,"English",32.6,"iPhone",1,203.3,0,"blue"
35,"English",32.6,"iPhone",2,150.6,1,"green"
35,"English",32.6,"iPhone",3,160.1,1,"green"
35,"English",32.6,"iPhone",4,202.8,0,"blue"
35,"English",32.6,"iPhone",5,199.6,0,"blue"
35,"English",32.6,"iPhone",6,196.5,0,"blue"
35,"English",32.6,"iPhone",7,180.5,0,"blue"
35,"English",32.6,"iPhone",8,195.1,0,"blue"
35,"English",32.6,"iPhone",9,167.6,1,"green"
35,"English",32.6,"iPhone",10,199.6,0,"blue"
35,"English",32.6,"iPhone",11,169.9,1,"green"
35,"English",32.6,"iPhone",12,187.1,1,"green"
35,"English",32.6,"iPhone",13,170.4,1,"green"
35,"English",32.6,"iPhone",14,182.8,0,"blue"
35,"English",32.6,"iPhone",15,189,0,"blue"
35,"English",32.6,"iPhone",16,174,1,"green"
36,"English",30.9,"iPhone",1,208.7,0,"blue"
36,"English",30.9,"iPhone",2,199.3,0,"blue"
36,"English",30.9,"iPhone",3,188.1,0,"blue"
36,"English",30.9,"iPhone",4,183.1,0,"blue"
36,"English",30.9,"iPhone",5,177.7,1,"green"
36,"English",30.9,"iPhone",6,170.3,1,"green"
36,"English",30.9,"iPhone",7,201.1,0,"blue"
36,"English",30.9,"iPhone",8,157.2,1,"green"
36,"English",30.9,"iPhone",9,154.3,1,"green"
36,"English",30.9,"iPhone",10,190.4,0,"blue"
36,"English",30.9,"iPhone",11,197.1,0,"blue"
36,"English",30.9,"iPhone",12,206.2,0,"blue"
36,"English",30.9,"iPhone",13,170.5,1,"green"
36,"English",30.9,"iPhone",14,198.3,0,"blue"
36,"English",30.9,"iPhone",15,165,1,"green"
36,"English",30.9,"iPhone",16,187.4,0,"blue"
37,"English",33.3,"iPhone",1,208.6,0,"blue"
37,"English",33.3,"iPhone",2,160,1,"green"
37,"English",33.3,"iPhone",3,161.8,1,"green"
37,"English",33.3,"iPhone",4,189.6,0,"blue"
37,"English",33.3,"iPhone",5,200.9,0,"blue"
37,"English",33.3,"iPhone",6,190.6,0,"blue"
37,"English",33.3,"iPhone",7,157,1,"green"
37,"English",33.3,"iPhone",8,174.3,0,"blue"
37,"English",33.3,"iPhone",9,160.2,1,"green"
37,"English",33.3,"iPhone",10,169.5,1,"green"
37,"English",33.3,"iPhone",11,197.4,0,"blue"
37,"English",33.3,"iPhone",12,186.1,0,"blue"
37,"English",33.3,"iPhone",13,200,0,"blue"
37,"English",33.3,"iPhone",14,208.5,0,"blue"
37,"English",33.3,"iPhone",15,193.3,0,"blue"
37,"English",33.3,"iPhone",16,161.9,1,"green"
38,"English",40.1,"Other",1,179.5,0,"blue"
38,"English",40.1,"Other",2,183.1,0,"blue"
38,"English",40.1,"Other",3,199.2,0,"blue"
38,"English",40.1,"Other",4,158,1,"green"
38,"English",40.1,"Other",5,195.2,0,"blue"
38,"English",40.1,"Other",6,196.1,0,"blue"
38,"English",40.1,"Other",7,206.5,0,"blue"
38,"English",40.1,"Other",8,187.1,0,"blue"
38,"English",40.1,"Other",9,199.1,0,"blue"
38,"English",40.1,"Other",10,200.3,0,"blue"
38,"English",40.1,"Other",11,196.5,0,"blue"
38,"English",40.1,"Other",12,157.2,1,"green"
38,"English",40.1,"Other",13,165.9,0,"blue"
38,"English",40.1,"Other",14,192.7,0,"blue"
38,"English",40.1,"Other",15,175,0,"blue"
38,"English",40.1,"Other",16,199.8,0,"blue"
39,"English",51.4,"Other",1,160.3,1,"green"
39,"English",51.4,"Other",2,209.5,0,"blue"
39,"English",51.4,"Other",3,200.9,0,"blue"
39,"English",51.4,"Other",4,184.3,0,"blue"
39,"English",51.4,"Other",5,189.3,0,"blue"
39,"English",51.4,"Other",6,155.6,1,"green"
39,"English",51.4,"Other",7,172.1,0,"blue"
39,"English",51.4,"Other",8,183.2,0,"blue"
39,"English",51.4,"Other",9,192.1,0,"blue"
39,"English",51.4,"Other",10,166.6,1,"green"
39,"English",51.4,"Other",11,195.4,0,"blue"
39,"English",51.4,"Other",12,188.1,0,"blue"
39,"English",51.4,"Other",13,183.3,0,"blue"
39,"English",51.4,"Other",14,181.7,0,"blue"
39,"English",51.4,"Other",15,193.9,0,"blue"
39,"English",51.4,"Other",16,190,0,"blue"
40,"English",57,"iPhone",1,159.6,1,"green"
40,"English",57,"iPhone",2,175.9,0,"blue"
40,"English",57,"iPhone",3,205.5,0,"blue"
40,"English",57,"iPhone",4,193.6,0,"blue"
40,"English",57,"iPhone",5,199.7,0,"blue"
40,"English",57,"iPhone",6,187.5,0,"blue"
40,"English",57,"iPhone",7,173.7,1,"green"
40,"English",57,"iPhone",8,208.7,0,"blue"
40,"English",57,"iPhone",9,202.6,0,"blue"
40,"English",57,"iPhone",10,180.1,1,"green"
40,"English",57,"iPhone",11,182.2,1,"green"
40,"English",57,"iPhone",12,176.2,0,"blue"
40,"English",57,"iPhone",13,206.3,0,"blue"
40,"English",57,"iPhone",14,203.3,0,"blue"
40,"English",57,"iPhone",15,200.9,0,"blue"
40,"English",57,"iPhone",16,203.3,0,"blue"
41,"English",51.5,"iPhone",1,196.3,0,"blue"
41,"English",51.5,"iPhone",2,151,1,"green"
41,"English",51.5,"iPhone",3,202.9,0,"blue"
41,"English",51.5,"iPhone",4,185.3,1,"green"
41,"English",51.5,"iPhone",5,178.8,1,"green"
41,"English",51.5,"iPhone",6,188.2,0,"blue"
41,"English",51.5,"iPhone",7,169.3,1,"green"
41,"English",51.5,"iPhone",8,179.2,1,"green"
41,"English",51.5,"iPhone",9,165.5,1,"green"
41,"English",51.5,"iPhone",10,180.4,0,"blue"
41,"English",51.5,"iPhone",11,174.7,1,"green"
41,"English",51.5,"iPhone",12,176.3,1,"green"
41,"English",51.5,"iPhone",13,187.5,1,"green"
41,"English",51.5,"iPhone",14,197,0,"blue"
41,"English",51.5,"iPhone",15,177.9,1,"green"
41,"English",51.5,"iPhone",16,209.4,0,"blue"
42,"English",34.4,"Android",1,179.4,0,"blue"
42,"English",34.4,"Android",2,182.3,0,"blue"
42,"English",34.4,"Android",3,166.6,1,"green"
42,"English",34.4,"Android",4,161,1,"green"
42,"English",34.4,"Android",5,166.2,1,"green"
42,"English",34.4,"Android",6,167.6,1,"green"
42,"English",34.4,"Android",7,188.9,1,"green"
42,"English",34.4,"Android",8,208.3,0,"blue"
42,"English",34.4,"Android",9,208.7,0,"blue"
42,"English",34.4,"Android",10,184.8,0,"blue"
42,"English",34.4,"Android",11,189,0,"blue"
42,"English",34.4,"Android",12,190.3,0,"blue"
42,"English",34.4,"Android",13,205,0,"blue"
42,"English",34.4,"Android",14,188.1,0,"blue"
42,"English",34.4,"Android",15,187.4,0,"blue"
42,"English",34.4,"Android",16,178,1,"green"
43,"English",48.1,"Other",1,157.8,1,"green"
43,"English",48.1,"Other",2,186.4,0,"blue"
43,"English",48.1,"Other",3,192.9,0,"blue"
43,"English",48.1,"Other",4,182.4,0,"blue"
43,"English",48.1,"Other",5,173.6,1,"green"
43,"English",48.1,"Other",6,208.5,0,"blue"
43,"English",48.1,"Other",7,190.3,0,"blue"
43,"English",48.1,"Other",8,199.6,0,"blue"
43,"English",48.1,"Other",9,184.9,0,"blue"
43,"English",48.1,"Other",10,193.7,0,"blue"
43,"English",48.1,"Other",11,159.5,1,"green"
43,"English",48.1,"Other",12,204.7,0,"blue"
43,"English",48.1,"Other",13,162.6,1,"green"
43,"English",48.1,"Other",14,202.3,0,"blue"
43,"English",48.1,"Other",15,166.3,1,"green"
43,"English",48.1,"Other",16,206.3,0,"blue"
44,"English",42.3,"iPhone",1,209.3,0,"blue"
44,"English",42.3,"iPhone",2,156.9,1,"green"
44,"English",42.3,"iPhone",3,181.6,1,"green"
44,"English",42.3,"iPhone",4,165,1,"green"
44,"English",42.3,"iPhone",5,176.7,1,"green"
44,"English",42.3,"iPhone",6,164.5,1,"green"
44,"English",42.3,"iPhone",7,157.7,1,"green"
44,"English",42.3,"iPhone",8,198.1,0,"blue"
44,"English",42.3,"iPhone",9,166.2,1,"green"
44,"English",42.3,"iPhone",10,185.7,0,"blue"
44,"English",42.3,"iPhone",11,170.9,1,"green"
44,"English",42.3,"iPhone",12,173.2,1,"green"
44,"English",42.3,"iPhone",13,204,0,"blue"
44,"English",42.3,"iPhone",14,173.6,1,"green"
44,"English",42.3,"iPhone",15,201.2,0,"blue"
44,"English",42.3,"iPhone",16,189.5,0,"blue"
45,"English",25.6,"Other",1,171,1,"green"
45,"English",25.6,"Other",2,195.3,0,"blue"
45,"English",25.6,"Other",3,199.3,0,"blue"
45,"English",25.6,"Other",4,200.8,0,"blue"
45,"English",25.6,"Other",5,200.5,0,"blue"
45,"English",25.6,"Other",6,158.3,1,"green"
45,"English",25.6,"Other",7,152.6,1,"green"
45,"English",25.6,"Other",8,162.8,1,"green"
45,"English",25.6,"Other",9,180.4,1,"green"
45,"English",25.6,"Other",10,168.5,0,"blue"
45,"English",25.6,"Other",11,187.3,0,"blue"
45,"English",25.6,"Other",12,195.1,0,"blue"
45,"English",25.6,"Other",13,201.4,0,"blue"
45,"English",25.6,"Other",14,194.9,0,"blue"
45,"English",25.6,"Other",15,172.2,0,"blue"
45,"English",25.6,"Other",16,175.9,0,"blue"
46,"English",54.6,"iPhone",1,206.6,0,"blue"
46,"English",54.6,"iPhone",2,202.8,0,"blue"
46,"English",54.6,"iPhone",3,174,0,"blue"
46,"English",54.6,"iPhone",4,184.3,1,"green"
46,"English",54.6,"iPhone",5,190,0,"blue"
46,"English",54.6,"iPhone",6,151.9,1,"green"
46,"English",54.6,"iPhone",7,190.1,0,"blue"
46,"English",54.6,"iPhone",8,187.1,0,"blue"
46,"English",54.6,"iPhone",9,191.5,0,"blue"
46,"English",54.6,"iPhone",10,193.6,0,"blue"
46,"English",54.6,"iPhone",11,177.3,1,"green"
46,"English",54.6,"iPhone",12,190.3,0,"blue"
46,"English",54.6,"iPhone",13,172.2,1,"green"
46,"English",54.6,"iPhone",14,202.3,0,"blue"
46,"English",54.6,"iPhone",15,194.9,0,"blue"
46,"English",54.6,"iPhone",16,204.2,0,"blue"
47,"English",29.7,"iPhone",1,208,0,"blue"
47,"English",29.7,"iPhone",2,191.5,1,"green"
47,"English",29.7,"iPhone",3,178,0,"blue"
47,"English",29.7,"iPhone",4,157.2,1,"green"
47,"English",29.7,"iPhone",5,182.9,0,"blue"
47,"English",29.7,"iPhone",6,169.9,1,"green"
47,"English",29.7,"iPhone",7,154.3,1,"green"
47,"English",29.7,"iPhone",8,154.6,1,"green"
47,"English",29.7,"iPhone",9,195.6,0,"blue"
47,"English",29.7,"iPhone",10,178.8,0,"blue"
47,"English",29.7,"iPhone",11,174,0,"blue"
47,"English",29.7,"iPhone",12,160.7,1,"green"
47,"English",29.7,"iPhone",13,153,1,"green"
47,"English",29.7,"iPhone",14,197.2,0,"blue"
47,"English",29.7,"iPhone",15,168.5,1,"green"
47,"English",29.7,"iPhone",16,158.6,1,"green"
48,"English",26.7,"Other",1,161.2,1,"green"
48,"English",26.7,"Other",2,203.6,0,"blue"
48,"English",26.7,"Other",3,184.7,0,"blue"
48,"English",26.7,"Other",4,154.7,1,"green"
48,"English",26.7,"Other",5,189.7,0,"blue"
48,"English",26.7,"Other",6,196.4,0,"blue"
48,"English",26.7,"Other",7,172.7,1,"green"
48,"English",26.7,"Other",8,198.5,0,"blue"
48,"English",26.7,"Other",9,196.7,0,"blue"
48,"English",26.7,"Other",10,185.6,0,"blue"
48,"English",26.7,"Other",11,174.7,0,"blue"
48,"English",26.7,"Other",12,207.1,0,"blue"
48,"English",26.7,"Other",13,157.8,1,"green"
48,"English",26.7,"Other",14,159.9,1,"green"
48,"English",26.7,"Other",15,157.2,1,"green"
48,"English",26.7,"Other",16,179,0,"blue"
49,"English",54.8,"Other",1,164.5,1,"green"
49,"English",54.8,"Other",2,209.9,0,"blue"
49,"English",54.8,"Other",3,194.1,0,"blue"
49,"English",54.8,"Other",4,182.9,0,"blue"
49,"English",54.8,"Other",5,201,0,"blue"
49,"English",54.8,"Other",6,200.3,0,"blue"
49,"English",54.8,"Other",7,195,0,"blue"
49,"English",54.8,"Other",8,203.9,0,"blue"
49,"English",54.8,"Other",9,209.2,0,"blue"
49,"English",54.8,"Other",10,178.3,0,"blue"
49,"English",54.8,"Other",11,165.6,1,"green"
49,"English",54.8,"Other",12,198.5,0,"blue"
49,"English",54.8,"Other",13,171.3,0,"blue"
49,"English",54.8,"Other",14,173.4,1,"green"
49,"English",54.8,"Other",15,208.8,0,"blue"
49,"English",54.8,"Other",16,189.2,0,"blue"
50,"English",36.1,"Android",1,156,1,"green"
50,"English",36.1,"Android",2,206.5,0,"blue"
50,"English",36.1,"Android",3,203.7,0,"blue"
50,"English",36.1,"Android",4,172.2,1,"green"
50,"English",36.1,"Android",5,172.5,1,"green"
50,"English",36.1,"Android",6,160.8,1,"green"
50,"English",36.1,"Android",7,174,1,"green"
50,"English",36.1,"Android",8,177.1,0,"blue"
50,"English",36.1,"Android",9,202.5,0,"blue"
50,"English",36.1,"Android",10,158.1,1,"green"
50,"English",36.1,"Android",11,192.7,0,"blue"
50,"English",36.1,"Android",12,194.9,0,"blue"
50,"English",36.1,"Android",13,159.3,1,"green"
50,"English",36.1,"Android",14,152.2,1,"green"
50,"English",36.1,"Android",15,200.2,0,"blue"
50,"English",36.1,"Android",16,154.8,1,"green"
51,"Japanese",44.3,"Android",1,160.2,1,"green"
51,"Japanese",44.3,"Android",2,193.1,0,"blue"
51,"Japanese",44.3,"Android",3,177.9,0,"blue"
51,"Japanese",44.3,"Android",4,186.3,0,"blue"
51,"Japanese",44.3,"Android",5,153.6,1,"green"
51,"Japanese",44.3,"Android",6,175.1,1,"green"
51,"Japanese",44.3,"Android",7,157.9,1,"green"
51,"Japanese",44.3,"Android",8,205.2,0,"blue"
51,"Japanese",44.3,"Android",9,159.1,1,"green"
51,"Japanese",44.3,"Android",10,202.7,0,"blue"
51,"Japanese",44.3,"Android",11,200.7,0,"blue"
51,"Japanese",44.3,"Android",12,203.3,0,"blue"
51,"Japanese",44.3,"Android",13,165.7,1,"green"
51,"Japanese",44.3,"Android",14,190.2,0,"blue"
51,"Japanese",44.3,"Android",15,192.2,0,"blue"
51,"Japanese",44.3,"Android",16,205.4,0,"blue"
52,"Japanese",47.4,"Other",1,169.4,1,"green"
52,"Japanese",47.4,"Other",2,195.6,0,"blue"
52,"Japanese",47.4,"Other",3,151.7,1,"green"
52,"Japanese",47.4,"Other",4,169.7,1,"green"
52,"Japanese",47.4,"Other",5,158.5,1,"green"
52,"Japanese",47.4,"Other",6,203.3,0,"blue"
52,"Japanese",47.4,"Other",7,196,0,"blue"
52,"Japanese",47.4,"Other",8,157.7,1,"green"
52,"Japanese",47.4,"Other",9,200.4,0,"blue"
52,"Japanese",47.4,"Other",10,180,0,"blue"
52,"Japanese",47.4,"Other",11,163.9,0,"blue"
52,"Japanese",47.4,"Other",12,209.3,0,"blue"
52,"Japanese",47.4,"Other",13,154,1,"green"
52,"Japanese",47.4,"Other",14,196.2,0,"blue"
52,"Japanese",47.4,"Other",15,187.9,0,"blue"
52,"Japanese",47.4,"Other",16,156.4,1,"green"
53,"Japanese",37.7,"Android",1,155.7,0,"blue"
53,"Japanese",37.7,"Android",2,190.1,1,"green"
53,"Japanese",37.7,"Android",3,195,0,"blue"
53,"Japanese",37.7,"Android",4,181.5,1,"green"
53,"Japanese",37.7,"Android",5,163.8,1,"green"
53,"Japanese",37.7,"Android",6,180.9,0,"blue"
53,"Japanese",37.7,"Android",7,201.6,0,"blue"
53,"Japanese",37.7,"Android",8,154.5,1,"green"
53,"Japanese",37.7,"Android",9,180,1,"green"
53,"Japanese",37.7,"Android",10,172.1,0,"blue"
53,"Japanese",37.7,"Android",11,180.3,0,"blue"
53,"Japanese",37.7,"Android",12,159.8,1,"green"
53,"Japanese",37.7,"Android",13,168.9,1,"green"
53,"Japanese",37.7,"Android",14,171.8,0,"blue"
53,"Japanese",37.7,"Android",15,183.2,1,"green"
53,"Japanese",37.7,"Android",16,197.2,0,"blue"
54,"Japanese",50.7,"Android",1,205.6,0,"blue"
54,"Japanese",50.7,"Android",2,154.1,1,"green"
54,"Japanese",50.7,"Android",3,194.3,0,"blue"
54,"Japanese",50.7,"Android",4,150.1,1,"green"
54,"Japanese",50.7,"Android",5,171.5,1,"green"
54,"Japanese",50.7,"Android",6,208.1,0,"blue"
54,"Japanese",50.7,"Android",7,195.3,0,"blue"
54,"Japanese",50.7,"Android",8,180.6,0,"blue"
54,"Japanese",50.7,"Android",9,170.5,1,"green"
54,"Japanese",50.7,"Android",10,195.3,0,"blue"
54,"Japanese",50.7,"Android",11,188.7,0,"blue"
54,"Japanese",50.7,"Android",12,194.8,0,"blue"
54,"Japanese",50.7,"Android",13,207.3,0,"blue"
54,"Japanese",50.7,"Android",14,206,0,"blue"
54,"Japanese",50.7,"Android",15,154.1,1,"green"
54,"Japanese",50.7,"Android",16,199.6,0,"blue"
55,"Japanese",24.3,"iPhone",1,168.5,0,"blue"
55,"Japanese",24.3,"iPhone",2,187.4,0,"blue"
55,"Japanese",24.3,"iPhone",3,152.4,0,"blue"
55,"Japanese",24.3,"iPhone",4,187,0,"blue"
55,"Japanese",24.3,"iPhone",5,179.3,0,"blue"
55,"Japanese",24.3,"iPhone",6,178.7,0,"blue"
55,"Japanese",24.3,"iPhone",7,173.4,1,"green"
55,"Japanese",24.3,"iPhone",8,182.7,1,"green"
55,"Japanese",24.3,"iPhone",9,175.7,0,"blue"
55,"Japanese",24.3,"iPhone",10,170.3,0,"blue"
55,"Japanese",24.3,"iPhone",11,209.1,0,"blue"
55,"Japanese",24.3,"iPhone",12,197.7,0,"blue"
55,"Japanese",24.3,"iPhone",13,180.4,0,"blue"
55,"Japanese",24.3,"iPhone",14,160,1,"green"
55,"Japanese",24.3,"iPhone",15,186.2,0,"blue"
55,"Japanese",24.3,"iPhone",16,187.8,0,"blue"
56,"Japanese",37.7,"Other",1,196,0,"blue"
56,"Japanese",37.7,"Other",2,184,0,"blue"
56,"Japanese",37.7,"Other",3,185.3,0,"blue"
56,"Japanese",37.7,"Other",4,169.4,1,"green"
56,"Japanese",37.7,"Other",5,190,0,"blue"
56,"Japanese",37.7,"Other",6,183.4,0,"blue"
56,"Japanese",37.7,"Other",7,172.9,0,"blue"
56,"Japanese",37.7,"Other",8,160.6,1,"green"
56,"Japanese",37.7,"Other",9,209.6,0,"blue"
56,"Japanese",37.7,"Other",10,209.6,0,"blue"
56,"Japanese",37.7,"Other",11,159.1,1,"green"
56,"Japanese",37.7,"Other",12,190.2,0,"blue"
56,"Japanese",37.7,"Other",13,174.2,0,"blue"
56,"Japanese",37.7,"Other",14,166.2,0,"blue"
56,"Japanese",37.7,"Other",15,175.9,1,"green"
56,"Japanese",37.7,"Other",16,155.1,1,"green"
57,"Japanese",64.5,"Other",1,175.1,1,"green"
57,"Japanese",64.5,"Other",2,152.5,1,"green"
57,"Japanese",64.5,"Other",3,166.1,0,"blue"
57,"Japanese",64.5,"Other",4,190.1,0,"blue"
57,"Japanese",64.5,"Other",5,186.7,0,"blue"
57,"Japanese",64.5,"Other",6,204.3,0,"blue"
57,"Japanese",64.5,"Other",7,166.9,0,"blue"
57,"Japanese",64.5,"Other",8,200.8,0,"blue"
57,"Japanese",64.5,"Other",9,188.7,0,"blue"
57,"Japanese",64.5,"Other",10,176.1,0,"blue"
57,"Japanese",64.5,"Other",11,168,0,"blue"
57,"Japanese",64.5,"Other",12,206.8,0,"blue"
57,"Japanese",64.5,"Other",13,195,0,"blue"
57,"Japanese",64.5,"Other",14,155.5,1,"green"
57,"Japanese",64.5,"Other",15,156.6,1,"green"
57,"Japanese",64.5,"Other",16,170.3,1,"green"
58,"Japanese",48,"Other",1,201.2,0,"blue"
58,"Japanese",48,"Other",2,190.5,0,"blue"
58,"Japanese",48,"Other",3,187.8,0,"blue"
58,"Japanese",48,"Other",4,190.9,0,"blue"
58,"Japanese",48,"Other",5,205.1,0,"blue"
58,"Japanese",48,"Other",6,208.1,0,"blue"
58,"Japanese",48,"Other",7,184.6,0,"blue"
58,"Japanese",48,"Other",8,155.7,0,"blue"
58,"Japanese",48,"Other",9,160.5,0,"blue"
58,"Japanese",48,"Other",10,181.3,1,"green"
58,"Japanese",48,"Other",11,169.5,0,"blue"
58,"Japanese",48,"Other",12,183.6,0,"blue"
58,"Japanese",48,"Other",13,156.7,0,"blue"
58,"Japanese",48,"Other",14,189.3,0,"blue"
58,"Japanese",48,"Other",15,198.4,0,"blue"
58,"Japanese",48,"Other",16,207,0,"blue"
59,"Japanese",53.2,"Other",1,192.2,0,"blue"
59,"Japanese",53.2,"Other",2,172.7,1,"green"
59,"Japanese",53.2,"Other",3,176.1,0,"blue"
59,"Japanese",53.2,"Other",4,156.7,0,"blue"
59,"Japanese",53.2,"Other",5,182,0,"blue"
59,"Japanese",53.2,"Other",6,161.6,0,"blue"
59,"Japanese",53.2,"Other",7,180.4,1,"green"
59,"Japanese",53.2,"Other",8,163.7,0,"blue"
59,"Japanese",53.2,"Other",9,150.8,1,"green"
59,"Japanese",53.2,"Other",10,168.4,0,"blue"
59,"Japanese",53.2,"Other",11,172.9,0,"blue"
59,"Japanese",53.2,"Other",12,197.3,0,"blue"
59,"Japanese",53.2,"Other",13,182.3,0,"blue"
59,"Japanese",53.2,"Other",14,158.7,0,"blue"
59,"Japanese",53.2,"Other",15,183.8,0,"blue"
59,"Japanese",53.2,"Other",16,166.4,1,"green"
60,"Japanese",47.3,"Other",1,173.1,1,"green"
60,"Japanese",47.3,"Other",2,189,0,"blue"
60,"Japanese",47.3,"Other",3,197.6,0,"blue"
60,"Japanese",47.3,"Other",4,163,1,"green"
60,"Japanese",47.3,"Other",5,202.2,0,"blue"
60,"Japanese",47.3,"Other",6,184.5,0,"blue"
60,"Japanese",47.3,"Other",7,209.1,0,"blue"
60,"Japanese",47.3,"Other",8,187.5,0,"blue"
60,"Japanese",47.3,"Other",9,205.6,0,"blue"
60,"Japanese",47.3,"Other",10,150.9,1,"green"
60,"Japanese",47.3,"Other",11,198.7,0,"blue"
60,"Japanese",47.3,"Other",12,164.9,1,"green"
60,"Japanese",47.3,"Other",13,205.7,0,"blue"
60,"Japanese",47.3,"Other",14,169,1,"green"
60,"Japanese",47.3,"Other",15,163,1,"green"
60,"Japanese",47.3,"Other",16,153.9,1,"green"
61,"Japanese",30.4,"Android",1,181.2,1,"green"
61,"Japanese",30.4,"Android",2,174.7,0,"blue"
61,"Japanese",30.4,"Android",3,179.7,0,"blue"
61,"Japanese",30.4,"Android",4,164.6,1,"green"
61,"Japanese",30.4,"Android",5,197.7,0,"blue"
61,"Japanese",30.4,"Android",6,195.7,0,"blue"
61,"Japanese",30.4,"Android",7,196.3,0,"blue"
61,"Japanese",30.4,"Android",8,175.2,1,"green"
61,"Japanese",30.4,"Android",9,209.8,0,"blue"
61,"Japanese",30.4,"Android",10,209.8,0,"blue"
61,"Japanese",30.4,"Android",11,179.7,0,"blue"
61,"Japanese",30.4,"Android",12,196.3,0,"blue"
61,"Japanese",30.4,"Android",13,179.4,0,"blue"
61,"Japanese",30.4,"Android",14,194.6,0,"blue"
61,"Japanese",30.4,"Android",15,158.6,1,"green"
61,"Japanese",30.4,"Android",16,159,1,"green"
62,"Japanese",62.7,"Android",1,181.8,0,"blue"
62,"Japanese",62.7,"Android",2,188.2,0,"blue"
62,"Japanese",62.7,"Android",3,163.2,0,"blue"
62,"Japanese",62.7,"Android",4,175.5,1,"green"
62,"Japanese",62.7,"Android",5,188.7,0,"blue"
62,"Japanese",62.7,"Android",6,190,1,"green"
62,"Japanese",62.7,"Android",7,158.6,1,"green"
62,"Japanese",62.7,"Android",8,185.8,0,"blue"
62,"Japanese",62.7,"Android",9,209.4,0,"blue"
62,"Japanese",62.7,"Android",10,180.6,0,"blue"
62,"Japanese",62.7,"Android",11,194.2,0,"blue"
62,"Japanese",62.7,"Android",12,169.2,1,"green"
62,"Japanese",62.7,"Android",13,192.6,0,"blue"
62,"Japanese",62.7,"Android",14,150.2,1,"green"
62,"Japanese",62.7,"Android",15,166.4,1,"green"
62,"Japanese",62.7,"Android",16,205.9,0,"blue"
63,"Japanese",27,"Other",1,189.6,0,"blue"
63,"Japanese",27,"Other",2,164.8,1,"green"
63,"Japanese",27,"Other",3,199.5,0,"blue"
63,"Japanese",27,"Other",4,160.9,0,"blue"
63,"Japanese",27,"Other",5,202.4,0,"blue"
63,"Japanese",27,"Other",6,171.3,1,"green"
63,"Japanese",27,"Other",7,174.7,0,"blue"
63,"Japanese",27,"Other",8,150.2,0,"blue"
63,"Japanese",27,"Other",9,194.4,0,"blue"
63,"Japanese",27,"Other",10,160.6,0,"blue"
63,"Japanese",27,"Other",11,201.2,0,"blue"
63,"Japanese",27,"Other",12,191.4,0,"blue"
63,"Japanese",27,"Other",13,186.5,0,"blue"
63,"Japanese",27,"Other",14,164.7,0,"blue"
63,"Japanese",27,"Other",15,183.5,0,"blue"
63,"Japanese",27,"Other",16,164,0,"blue"
64,"Japanese",53,"Android",1,152.1,1,"green"
64,"Japanese",53,"Android",2,191.6,0,"blue"
64,"Japanese",53,"Android",3,196.9,0,"blue"
64,"Japanese",53,"Android",4,175.2,1,"green"
64,"Japanese",53,"Android",5,188.7,1,"green"
64,"Japanese",53,"Android",6,161.7,1,"green"
64,"Japanese",53,"Android",7,192.2,1,"green"
64,"Japanese",53,"Android",8,176.4,1,"green"
64,"Japanese",53,"Android",9,207.7,0,"blue"
64,"Japanese",53,"Android",10,168.2,0,"blue"
64,"Japanese",53,"Android",11,156.2,1,"green"
64,"Japanese",53,"Android",12,182.4,1,"green"
64,"Japanese",53,"Android",13,202.4,0,"blue"
64,"Japanese",53,"Android",14,161.9,1,"green"
64,"Japanese",53,"Android",15,155.9,1,"green"
64,"Japanese",53,"Android",16,168,0,"blue"
65,"Japanese",42.4,"Other",1,192.5,0,"blue"
65,"Japanese",42.4,"Other",2,175,1,"green"
65,"Japanese",42.4,"Other",3,185.7,0,"blue"
65,"Japanese",42.4,"Other",4,200,0,"blue"
65,"Japanese",42.4,"Other",5,179.2,0,"blue"
65,"Japanese",42.4,"Other",6,169.8,0,"blue"
65,"Japanese",42.4,"Other",7,167.9,1,"green"
65,"Japanese",42.4,"Other",8,206.9,0,"blue"
65,"Japanese",42.4,"Other",9,192.9,0,"blue"
65,"Japanese",42.4,"Other",10,208,0,"blue"
65,"Japanese",42.4,"Other",11,168,0,"blue"
65,"Japanese",42.4,"Other",12,196.9,0,"blue"
65,"Japanese",42.4,"Other",13,186.9,0,"blue"
65,"Japanese",42.4,"Other",14,186.3,0,"blue"
65,"Japanese",42.4,"Other",15,187.7,0,"blue"
65,"Japanese",42.4,"Other",16,153.2,1,"green"
66,"Japanese",34.1,"Android",1,174.1,1,"green"
66,"Japanese",34.1,"Android",2,192.8,0,"blue"
66,"Japanese",34.1,"Android",3,154.3,1,"green"
66,"Japanese",34.1,"Android",4,185,0,"blue"
66,"Japanese",34.1,"Android",5,159.5,1,"green"
66,"Japanese",34.1,"Android",6,152.3,0,"blue"
66,"Japanese",34.1,"Android",7,182.5,0,"blue"
66,"Japanese",34.1,"Android",8,186.3,0,"blue"
66,"Japanese",34.1,"Android",9,209.5,0,"blue"
66,"Japanese",34.1,"Android",10,157.6,1,"green"
66,"Japanese",34.1,"Android",11,202.6,0,"blue"
66,"Japanese",34.1,"Android",12,185.5,0,"blue"
66,"Japanese",34.1,"Android",13,197.7,0,"blue"
66,"Japanese",34.1,"Android",14,154.7,1,"green"
66,"Japanese",34.1,"Android",15,187.8,1,"green"
66,"Japanese",34.1,"Android",16,191.1,0,"blue"
67,"Japanese",53.2,"Other",1,167.5,0,"blue"
67,"Japanese",53.2,"Other",2,207.4,0,"blue"
67,"Japanese",53.2,"Other",3,194.7,0,"blue"
67,"Japanese",53.2,"Other",4,205.9,0,"blue"
67,"Japanese",53.2,"Other",5,189,0,"blue"
67,"Japanese",53.2,"Other",6,179.9,1,"green"
67,"Japanese",53.2,"Other",7,168.4,0,"blue"
67,"Japanese",53.2,"Other",8,185.3,0,"blue"
67,"Japanese",53.2,"Other",9,203,0,"blue"
67,"Japanese",53.2,"Other",10,178.3,0,"blue"
67,"Japanese",53.2,"Other",11,163.2,1,"green"
67,"Japanese",53.2,"Other",12,181.6,0,"blue"
67,"Japanese",53.2,"Other",13,201.1,0,"blue"
67,"Japanese",53.2,"Other",14,170,0,"blue"
67,"Japanese",53.2,"Other",15,168.7,1,"green"
67,"Japanese",53.2,"Other",16,167.4,1,"green"
68,"Japanese",63.6,"iPhone",1,203.2,0,"blue"
68,"Japanese",63.6,"iPhone",2,191.2,0,"blue"
68,"Japanese",63.6,"iPhone",3,182.8,0,"blue"
68,"Japanese",63.6,"iPhone",4,206,0,"blue"
68,"Japanese",63.6,"iPhone",5,158.1,0,"blue"
68,"Japanese",63.6,"iPhone",6,198.6,0,"blue"
68,"Japanese",63.6,"iPhone",7,170.2,0,"blue"
68,"Japanese",63.6,"iPhone",8,207.2,0,"blue"
68,"Japanese",63.6,"iPhone",9,181.3,0,"blue"
68,"Japanese",63.6,"iPhone",10,175.1,1,"green"
68,"Japanese",63.6,"iPhone",11,200.5,0,"blue"
68,"Japanese",63.6,"iPhone",12,195.1,0,"blue"
68,"Japanese",63.6,"iPhone",13,167.6,1,"green"
68,"Japanese",63.6,"iPhone",14,182.2,0,"blue"
68,"Japanese",63.6,"iPhone",15,153.8,1,"green"
68,"Japanese",63.6,"iPhone",16,156.8,0,"blue"
69,"Japanese",36.7,"Other",1,206.1,0,"blue"
69,"Japanese",36.7,"Other",2,151.5,0,"blue"
69,"Japanese",36.7,"Other",3,198.4,0,"blue"
69,"Japanese",36.7,"Other",4,171.9,1,"green"
69,"Japanese",36.7,"Other",5,190.7,0,"blue"
69,"Japanese",36.7,"Other",6,207.3,0,"blue"
69,"Japanese",36.7,"Other",7,199.8,0,"blue"
69,"Japanese",36.7,"Other",8,167.2,0,"blue"
69,"Japanese",36.7,"Other",9,155,1,"green"
69,"Japanese",36.7,"Other",10,178.5,0,"blue"
69,"Japanese",36.7,"Other",11,177.3,0,"blue"
69,"Japanese",36.7,"Other",12,204.3,0,"blue"
69,"Japanese",36.7,"Other",13,195.6,0,"blue"
69,"Japanese",36.7,"Other",14,185.5,0,"blue"
69,"Japanese",36.7,"Other",15,175.8,1,"green"
69,"Japanese",36.7,"Other",16,160.9,1,"green"
70,"Japanese",51.1,"Android",1,167.6,1,"green"
70,"Japanese",51.1,"Android",2,183.9,0,"blue"
70,"Japanese",51.1,"Android",3,205.4,0,"blue"
70,"Japanese",51.1,"Android",4,172.2,1,"green"
70,"Japanese",51.1,"Android",5,175.1,1,"green"
70,"Japanese",51.1,"Android",6,176.4,0,"blue"
70,"Japanese",51.1,"Android",7,181.6,0,"blue"
70,"Japanese",51.1,"Android",8,192.6,1,"green"
70,"Japanese",51.1,"Android",9,203.4,0,"blue"
70,"Japanese",51.1,"Android",10,201.1,0,"blue"
70,"Japanese",51.1,"Android",11,203.9,0,"blue"
70,"Japanese",51.1,"Android",12,199.2,0,"blue"
70,"Japanese",51.1,"Android",13,168.3,1,"green"
70,"Japanese",51.1,"Android",14,198.2,0,"blue"
70,"Japanese",51.1,"Android",15,201.2,0,"blue"
70,"Japanese",51.1,"Android",16,206.5,0,"blue"
71,"Japanese",22.7,"Android",1,197.9,0,"blue"
71,"Japanese",22.7,"Android",2,189.1,1,"green"
71,"Japanese",22.7,"Android",3,152.8,1,"green"
71,"Japanese",22.7,"Android",4,151.2,1,"green"
71,"Japanese",22.7,"Android",5,208.4,0,"blue"
71,"Japanese",22.7,"Android",6,170.3,1,"green"
71,"Japanese",22.7,"Android",7,166.7,1,"green"
71,"Japanese",22.7,"Android",8,196,0,"blue"
71,"Japanese",22.7,"Android",9,166.5,1,"green"
71,"Japanese",22.7,"Android",10,192.4,0,"blue"
71,"Japanese",22.7,"Android",11,199.2,0,"blue"
71,"Japanese",22.7,"Android",12,151.1,1,"green"
71,"Japanese",22.7,"Android",13,195,0,"blue"
71,"Japanese",22.7,"Android",14,158.7,1,"green"
71,"Japanese",22.7,"Android",15,208.6,0,"blue"
71,"Japanese",22.7,"Android",16,160.4,1,"green"
72,"Japanese",64.3,"iPhone",1,192.8,0,"blue"
72,"Japanese",64.3,"iPhone",2,182.8,0,"blue"
72,"Japanese",64.3,"iPhone",3,182.3,0,"blue"
72,"Japanese",64.3,"iPhone",4,201.2,0,"blue"
72,"Japanese",64.3,"iPhone",5,154.7,1,"green"
72,"Japanese",64.3,"iPhone",6,200.2,0,"blue"
72,"Japanese",64.3,"iPhone",7,167.5,0,"blue"
72,"Japanese",64.3,"iPhone",8,176.2,1,"green"
72,"Japanese",64.3,"iPhone",9,193.6,0,"blue"
72,"Japanese",64.3,"iPhone",10,156.3,1,"green"
72,"Japanese",64.3,"iPhone",11,205.1,0,"blue"
72,"Japanese",64.3,"iPhone",12,200.1,0,"blue"
72,"Japanese",64.3,"iPhone",13,169.4,1,"green"
72,"Japanese",64.3,"iPhone",14,173.3,0,"blue"
72,"Japanese",64.3,"iPhone",15,184.9,0,"blue"
72,"Japanese",64.3,"iPhone",16,180.4,1,"green"
73,"Japanese",57.1,"iPhone",1,182.3,0,"blue"
73,"Japanese",57.1,"iPhone",2,156.3,1,"green"
73,"Japanese",57.1,"iPhone",3,178.2,0,"blue"
73,"Japanese",57.1,"iPhone",4,199.8,0,"blue"
73,"Japanese",57.1,"iPhone",5,187.7,0,"blue"
73,"Japanese",57.1,"iPhone",6,193.7,0,"blue"
73,"Japanese",57.1,"iPhone",7,171.7,0,"blue"
73,"Japanese",57.1,"iPhone",8,186.8,0,"blue"
73,"Japanese",57.1,"iPhone",9,208,0,"blue"
73,"Japanese",57.1,"iPhone",10,202.8,0,"blue"
73,"Japanese",57.1,"iPhone",11,201.4,0,"blue"
73,"Japanese",57.1,"iPhone",12,158.1,0,"blue"
73,"Japanese",57.1,"iPhone",13,196.8,0,"blue"
73,"Japanese",57.1,"iPhone",14,205,0,"blue"
73,"Japanese",57.1,"iPhone",15,204.6,0,"blue"
73,"Japanese",57.1,"iPhone",16,170.5,0,"blue"
74,"Japanese",34.8,"Android",1,193.3,0,"blue"
74,"Japanese",34.8,"Android",2,158.4,1,"green"
74,"Japanese",34.8,"Android",3,150.3,1,"green"
74,"Japanese",34.8,"Android",4,191.9,0,"blue"
74,"Japanese",34.8,"Android",5,208.7,0,"blue"
74,"Japanese",34.8,"Android",6,183.8,0,"blue"
74,"Japanese",34.8,"Android",7,190.7,1,"green"
74,"Japanese",34.8,"Android",8,162.9,1,"green"
74,"Japanese",34.8,"Android",9,209.9,0,"blue"
74,"Japanese",34.8,"Android",10,177.2,1,"green"
74,"Japanese",34.8,"Android",11,158.5,0,"blue"
74,"Japanese",34.8,"Android",12,204.9,0,"blue"
74,"Japanese",34.8,"Android",13,171.6,0,"blue"
74,"Japanese",34.8,"Android",14,173.2,1,"green"
74,"Japanese",34.8,"Android",15,181.5,0,"blue"
74,"Japanese",34.8,"Android",16,179.8,1,"green"
75,"Japanese",51.5,"iPhone",1,173.6,0,"blue"
75,"Japanese",51.5,"iPhone",2,159.3,1,"green"
75,"Japanese",51.5,"iPhone",3,156.6,1,"green"
75,"Japanese",51.5,"iPhone",4,152.9,1,"green"
75,"Japanese",51.5,"iPhone",5,176.6,0,"blue"
75,"Japanese",51.5,"iPhone",6,204,0,"blue"
75,"Japanese",51.5,"iPhone",7,206.4,0,"blue"
75,"Japanese",51.5,"iPhone",8,176.3,1,"green"
75,"Japanese",51.5,"iPhone",9,194,0,"blue"
75,"Japanese",51.5,"iPhone",10,150.6,0,"blue"
75,"Japanese",51.5,"iPhone",11,204.1,0,"blue"
75,"Japanese",51.5,"iPhone",12,167.3,1,"green"
75,"Japanese",51.5,"iPhone",13,189.4,0,"blue"
75,"Japanese",51.5,"iPhone",14,196.9,0,"blue"
75,"Japanese",51.5,"iPhone",15,157.9,1,"green"
75,"Japanese",51.5,"iPhone",16,198.8,0,"blue"
76,"Japanese",41.5,"iPhone",1,154.5,1,"green"
76,"Japanese",41.5,"iPhone",2,207.2,0,"blue"
76,"Japanese",41.5,"iPhone",3,159.2,1,"green"
76,"Japanese",41.5,"iPhone",4,157.1,1,"green"
76,"Japanese",41.5,"iPhone",5,164,1,"green"
76,"Japanese",41.5,"iPhone",6,162.3,0,"blue"
76,"Japanese",41.5,"iPhone",7,184.8,1,"green"
76,"Japanese",41.5,"iPhone",8,184,0,"blue"
76,"Japanese",41.5,"iPhone",9,180.4,0,"blue"
76,"Japanese",41.5,"iPhone",10,200.8,0,"blue"
76,"Japanese",41.5,"iPhone",11,170,1,"green"
76,"Japanese",41.5,"iPhone",12,209.6,0,"blue"
76,"Japanese",41.5,"iPhone",13,151.8,1,"green"
76,"Japanese",41.5,"iPhone",14,164.9,0,"blue"
76,"Japanese",41.5,"iPhone",15,190,0,"blue"
76,"Japanese",41.5,"iPhone",16,170.4,1,"green"
77,"Japanese",25.8,"iPhone",1,168.7,0,"blue"
77,"Japanese",25.8,"iPhone",2,161.8,1,"green"
77,"Japanese",25.8,"iPhone",3,155.5,1,"green"
77,"Japanese",25.8,"iPhone",4,189.1,0,"blue"
77,"Japanese",25.8,"iPhone",5,178.8,0,"blue"
77,"Japanese",25.8,"iPhone",6,188.6,0,"blue"
77,"Japanese",25.8,"iPhone",7,184.1,0,"blue"
77,"Japanese",25.8,"iPhone",8,177.4,1,"green"
77,"Japanese",25.8,"iPhone",9,186.7,1,"green"
77,"Japanese",25.8,"iPhone",10,175.4,0,"blue"
77,"Japanese",25.8,"iPhone",11,185.2,0,"blue"
77,"Japanese",25.8,"iPhone",12,181.4,0,"blue"
77,"Japanese",25.8,"iPhone",13,165.7,1,"green"
77,"Japanese",25.8,"iPhone",14,206.6,0,"blue"
77,"Japanese",25.8,"iPhone",15,206.9,0,"blue"
77,"Japanese",25.8,"iPhone",16,152.7,1,"green"
78,"Japanese",48.5,"iPhone",1,180.7,1,"green"
78,"Japanese",48.5,"iPhone",2,203.3,0,"blue"
78,"Japanese",48.5,"iPhone",3,165.3,1,"green"
78,"Japanese",48.5,"iPhone",4,197.1,0,"blue"
78,"Japanese",48.5,"iPhone",5,170.5,0,"blue"
78,"Japanese",48.5,"iPhone",6,201.9,0,"blue"
78,"Japanese",48.5,"iPhone",7,156,0,"blue"
78,"Japanese",48.5,"iPhone",8,178.4,0,"blue"
78,"Japanese",48.5,"iPhone",9,199.1,0,"blue"
78,"Japanese",48.5,"iPhone",10,175.2,1,"green"
78,"Japanese",48.5,"iPhone",11,185,0,"blue"
78,"Japanese",48.5,"iPhone",12,189.8,0,"blue"
78,"Japanese",48.5,"iPhone",13,182.5,1,"green"
78,"Japanese",48.5,"iPhone",14,180.4,0,"blue"
78,"Japanese",48.5,"iPhone",15,206.7,0,"blue"
78,"Japanese",48.5,"iPhone",16,181.4,0,"blue"
79,"Japanese",40.2,"Other",1,167.1,0,"blue"
79,"Japanese",40.2,"Other",2,206.8,0,"blue"
79,"Japanese",40.2,"Other",3,159.5,1,"green"
79,"Japanese",40.2,"Other",4,164.6,1,"green"
79,"Japanese",40.2,"Other",5,157.3,1,"green"
79,"Japanese",40.2,"Other",6,190.5,0,"blue"
79,"Japanese",40.2,"Other",7,152.7,1,"green"
79,"Japanese",40.2,"Other",8,153.5,0,"blue"
79,"Japanese",40.2,"Other",9,198.3,0,"blue"
79,"Japanese",40.2,"Other",10,190.5,0,"blue"
79,"Japanese",40.2,"Other",11,177.1,0,"blue"
79,"Japanese",40.2,"Other",12,190,0,"blue"
79,"Japanese",40.2,"Other",13,195.8,0,"blue"
79,"Japanese",40.2,"Other",14,172.2,1,"green"
79,"Japanese",40.2,"Other",15,208.7,0,"blue"
79,"Japanese",40.2,"Other",16,197.5,0,"blue"
80,"Japanese",39,"Android",1,173.4,1,"green"
80,"Japanese",39,"Android",2,150.9,1,"green"
80,"Japanese",39,"Android",3,170.9,1,"green"
80,"Japanese",39,"Android",4,191.8,0,"blue"
80,"Japanese",39,"Android",5,160,1,"green"
80,"Japanese",39,"Android",6,170.2,0,"blue"
80,"Japanese",39,"Android",7,169.7,1,"green"
80,"Japanese",39,"Android",8,179.4,1,"green"
80,"Japanese",39,"Android",9,167.3,1,"green"
80,"Japanese",39,"Android",10,159.9,1,"green"
80,"Japanese",39,"Android",11,208.1,0,"blue"
80,"Japanese",39,"Android",12,157.5,1,"green"
80,"Japanese",39,"Android",13,167.3,1,"green"
80,"Japanese",39,"Android",14,167.4,1,"green"
80,"Japanese",39,"Android",15,185.1,1,"green"
80,"Japanese",39,"Android",16,191.4,0,"blue"
81,"Japanese",62.2,"iPhone",1,188.1,0,"blue"
81,"Japanese",62.2,"iPhone",2,206,0,"blue"
81,"Japanese",62.2,"iPhone",3,177.6,0,"blue"
81,"Japanese",62.2,"iPhone",4,194.5,1,"green"
81,"Japanese",62.2,"iPhone",5,195.1,0,"blue"
81,"Japanese",62.2,"iPhone",6,194.9,0,"blue"
81,"Japanese",62.2,"iPhone",7,153.1,1,"green"
81,"Japanese",62.2,"iPhone",8,203.3,0,"blue"
81,"Japanese",62.2,"iPhone",9,196.2,0,"blue"
81,"Japanese",62.2,"iPhone",10,173.5,0,"blue"
81,"Japanese",62.2,"iPhone",11,165.5,1,"green"
81,"Japanese",62.2,"iPhone",12,201.2,0,"blue"
81,"Japanese",62.2,"iPhone",13,195.3,0,"blue"
81,"Japanese",62.2,"iPhone",14,178.7,1,"green"
81,"Japanese",62.2,"iPhone",15,203.3,0,"blue"
81,"Japanese",62.2,"iPhone",16,191.7,0,"blue"
82,"Japanese",32.3,"iPhone",1,172.5,1,"green"
82,"Japanese",32.3,"iPhone",2,208.6,0,"blue"
82,"Japanese",32.3,"iPhone",3,161.7,1,"green"
82,"Japanese",32.3,"iPhone",4,205.6,0,"blue"
82,"Japanese",32.3,"iPhone",5,165.7,0,"blue"
82,"Japanese",32.3,"iPhone",6,168.6,0,"blue"
82,"Japanese",32.3,"iPhone",7,159.4,1,"green"
82,"Japanese",32.3,"iPhone",8,164.2,1,"green"
82,"Japanese",32.3,"iPhone",9,185.7,1,"green"
82,"Japanese",32.3,"iPhone",10,191.8,1,"green"
82,"Japanese",32.3,"iPhone",11,196.3,0,"blue"
82,"Japanese",32.3,"iPhone",12,187.7,0,"blue"
82,"Japanese",32.3,"iPhone",13,184,0,"blue"
82,"Japanese",32.3,"iPhone",14,182.1,0,"blue"
82,"Japanese",32.3,"iPhone",15,188.2,0,"blue"
82,"Japanese",32.3,"iPhone",16,172.2,1,"green"
83,"Japanese",52.1,"iPhone",1,163.2,1,"green"
83,"Japanese",52.1,"iPhone",2,181.6,0,"blue"
83,"Japanese",52.1,"iPhone",3,181.4,0,"blue"
83,"Japanese",52.1,"iPhone",4,208.6,0,"blue"
83,"Japanese",52.1,"iPhone",5,185.4,0,"blue"
83,"Japanese",52.1,"iPhone",6,197.3,0,"blue"
83,"Japanese",52.1,"iPhone",7,186.3,0,"blue"
83,"Japanese",52.1,"iPhone",8,175.6,0,"blue"
83,"Japanese",52.1,"iPhone",9,179.9,0,"blue"
83,"Japanese",52.1,"iPhone",10,151.5,1,"green"
83,"Japanese",52.1,"iPhone",11,193.2,0,"blue"
83,"Japanese",52.1,"iPhone",12,206.3,0,"blue"
83,"Japanese",52.1,"iPhone",13,180.5,0,"blue"
83,"Japanese",52.1,"iPhone",14,183.5,0,"blue"
83,"Japanese",52.1,"iPhone",15,158.9,1,"green"
83,"Japanese",52.1,"iPhone",16,150.8,1,"green"
84,"Japanese",64.9,"Android",1,209.5,0,"blue"
84,"Japanese",64.9,"Android",2,190.3,0,"blue"
84,"Japanese",64.9,"Android",3,153.7,1,"green"
84,"Japanese",64.9,"Android",4,206.5,0,"blue"
84,"Japanese",64.9,"Android",5,158.6,1,"green"
84,"Japanese",64.9,"Android",6,151,1,"green"
84,"Japanese",64.9,"Android",7,155.4,0,"blue"
84,"Japanese",64.9,"Android",8,175.1,1,"green"
84,"Japanese",64.9,"Android",9,163.6,1,"green"
84,"Japanese",64.9,"Android",10,170.9,1,"green"
84,"Japanese",64.9,"Android",11,178.7,0,"blue"
84,"Japanese",64.9,"Android",12,180.4,0,"blue"
84,"Japanese",64.9,"Android",13,197,0,"blue"
84,"Japanese",64.9,"Android",14,205.1,1,"green"
84,"Japanese",64.9,"Android",15,173.3,1,"green"
84,"Japanese",64.9,"Android",16,195.2,0,"blue"
85,"Japanese",55.1,"Android",1,167.4,1,"green"
85,"Japanese",55.1,"Android",2,196.7,0,"blue"
85,"Japanese",55.1,"Android",3,163.7,1,"green"
85,"Japanese",55.1,"Android",4,168,1,"green"
85,"Japanese",55.1,"Android",5,201.5,0,"blue"
85,"Japanese",55.1,"Android",6,207.1,0,"blue"
85,"Japanese",55.1,"Android",7,157.9,0,"blue"
85,"Japanese",55.1,"Android",8,168.2,1,"green"
85,"Japanese",55.1,"Android",9,199.4,0,"blue"
85,"Japanese",55.1,"Android",10,152.6,1,"green"
85,"Japanese",55.1,"Android",11,187.7,0,"blue"
85,"Japanese",55.1,"Android",12,182.6,0,"blue"
85,"Japanese",55.1,"Android",13,159.7,1,"green"
85,"Japanese",55.1,"Android",14,170.8,1,"green"
85,"Japanese",55.1,"Android",15,193.2,0,"blue"
85,"Japanese",55.1,"Android",16,171.1,0,"blue"
86,"Japanese",38.9,"Android",1,193.5,0,"blue"
86,"Japanese",38.9,"Android",2,164.6,1,"green"
86,"Japanese",38.9,"Android",3,199,0,"blue"
86,"Japanese",38.9,"Android",4,161.9,1,"green"
86,"Japanese",38.9,"Android",5,160.7,1,"green"
86,"Japanese",38.9,"Android",6,197.9,0,"blue"
86,"Japanese",38.9,"Android",7,159.6,1,"green"
86,"Japanese",38.9,"Android",8,181.2,0,"blue"
86,"Japanese",38.9,"Android",9,184.4,0,"blue"
86,"Japanese",38.9,"Android",10,156,1,"green"
86,"Japanese",38.9,"Android",11,152.6,1,"green"
86,"Japanese",38.9,"Android",12,194.8,0,"blue"
86,"Japanese",38.9,"Android",13,201.4,0,"blue"
86,"Japanese",38.9,"Android",14,181.9,0,"blue"
86,"Japanese",38.9,"Android",15,164.2,1,"green"
86,"Japanese",38.9,"Android",16,184.4,1,"green"
87,"Japanese",37.3,"Android",1,165,1,"green"
87,"Japanese",37.3,"Android",2,188.1,1,"green"
87,"Japanese",37.3,"Android",3,182,0,"blue"
87,"Japanese",37.3,"Android",4,170.7,1,"green"
87,"Japanese",37.3,"Android",5,182.7,0,"blue"
87,"Japanese",37.3,"Android",6,204.1,0,"blue"
87,"Japanese",37.3,"Android",7,166.7,1,"green"
87,"Japanese",37.3,"Android",8,159.6,1,"green"
87,"Japanese",37.3,"Android",9,169.6,0,"blue"
87,"Japanese",37.3,"Android",10,171.9,1,"green"
87,"Japanese",37.3,"Android",11,200.4,1,"green"
87,"Japanese",37.3,"Android",12,164.9,1,"green"
87,"Japanese",37.3,"Android",13,202.2,0,"blue"
87,"Japanese",37.3,"Android",14,173.9,1,"green"
87,"Japanese",37.3,"Android",15,161.6,1,"green"
87,"Japanese",37.3,"Android",16,193.9,0,"blue"
88,"Japanese",53.9,"Android",1,168.4,1,"green"
88,"Japanese",53.9,"Android",2,177.8,0,"blue"
88,"Japanese",53.9,"Android",3,170.6,1,"green"
88,"Japanese",53.9,"Android",4,195.4,1,"green"
88,"Japanese",53.9,"Android",5,185.4,0,"blue"
88,"Japanese",53.9,"Android",6,206.4,0,"blue"
88,"Japanese",53.9,"Android",7,199.4,0,"blue"
88,"Japanese",53.9,"Android",8,191,0,"blue"
88,"Japanese",53.9,"Android",9,185.7,1,"green"
88,"Japanese",53.9,"Android",10,154.7,1,"green"
88,"Japanese",53.9,"Android",11,175.6,0,"blue"
88,"Japanese",53.9,"Android",12,169,1,"green"
88,"Japanese",53.9,"Android",13,150.4,1,"green"
88,"Japanese",53.9,"Android",14,200.9,0,"blue"
88,"Japanese",53.9,"Android",15,184.2,0,"blue"
88,"Japanese",53.9,"Android",16,206.6,0,"blue"
89,"Japanese",32.2,"Other",1,201,0,"blue"
89,"Japanese",32.2,"Other",2,159.2,1,"green"
89,"Japanese",32.2,"Other",3,157.2,1,"green"
89,"Japanese",32.2,"Other",4,209.5,0,"blue"
89,"Japanese",32.2,"Other",5,189.6,0,"blue"
89,"Japanese",32.2,"Other",6,158.9,0,"blue"
89,"Japanese",32.2,"Other",7,160.9,0,"blue"
89,"Japanese",32.2,"Other",8,175,0,"blue"
89,"Japanese",32.2,"Other",9,191,0,"blue"
89,"Japanese",32.2,"Other",10,180.6,0,"blue"
89,"Japanese",32.2,"Other",11,162.5,0,"blue"
89,"Japanese",32.2,"Other",12,154.5,0,"blue"
89,"Japanese",32.2,"Other",13,189.8,0,"blue"
89,"Japanese",32.2,"Other",14,199.4,0,"blue"
89,"Japanese",32.2,"Other",15,152.4,0,"blue"
89,"Japanese",32.2,"Other",16,180.7,0,"blue"
90,"Japanese",49.2,"Other",1,183.7,0,"blue"
90,"Japanese",49.2,"Other",2,169.1,1,"green"
90,"Japanese",49.2,"Other",3,175.1,0,"blue"
90,"Japanese",49.2,"Other",4,195.2,0,"blue"
90,"Japanese",49.2,"Other",5,209.2,0,"blue"
90,"Japanese",49.2,"Other",6,208.1,0,"blue"
90,"Japanese",49.2,"Other",7,183.2,0,"blue"
90,"Japanese",49.2,"Other",8,202,0,"blue"
90,"Japanese",49.2,"Other",9,175.4,0,"blue"
90,"Japanese",49.2,"Other",10,208.7,0,"blue"
90,"Japanese",49.2,"Other",11,187.9,0,"blue"
90,"Japanese",49.2,"Other",12,198.1,0,"blue"
90,"Japanese",49.2,"Other",13,197.4,0,"blue"
90,"Japanese",49.2,"Other",14,208.3,0,"blue"
90,"Japanese",49.2,"Other",15,208.6,0,"blue"
90,"Japanese",49.2,"Other",16,182.8,0,"blue"
91,"Japanese",23.9,"Other",1,199.2,0,"blue"
91,"Japanese",23.9,"Other",2,162,0,"blue"
91,"Japanese",23.9,"Other",3,197.6,0,"blue"
91,"Japanese",23.9,"Other",4,209.5,0,"blue"
91,"Japanese",23.9,"Other",5,174.3,0,"blue"
91,"Japanese",23.9,"Other",6,189.8,0,"blue"
91,"Japanese",23.9,"Other",7,182,0,"blue"
91,"Japanese",23.9,"Other",8,187.3,0,"blue"
91,"Japanese",23.9,"Other",9,184.6,0,"blue"
91,"Japanese",23.9,"Other",10,177.4,1,"green"
91,"Japanese",23.9,"Other",11,204.7,0,"blue"
91,"Japanese",23.9,"Other",12,193.3,0,"blue"
91,"Japanese",23.9,"Other",13,165.4,0,"blue"
91,"Japanese",23.9,"Other",14,202.7,0,"blue"
91,"Japanese",23.9,"Other",15,171.9,0,"blue"
91,"Japanese",23.9,"Other",16,171.2,0,"blue"
92,"Japanese",28.7,"Android",1,177.1,0,"blue"
92,"Japanese",28.7,"Android",2,203.4,0,"blue"
92,"Japanese",28.7,"Android",3,155.9,1,"green"
92,"Japanese",28.7,"Android",4,156.1,0,"blue"
92,"Japanese",28.7,"Android",5,203.2,0,"blue"
92,"Japanese",28.7,"Android",6,168.9,1,"green"
92,"Japanese",28.7,"Android",7,165.4,1,"green"
92,"Japanese",28.7,"Android",8,163.5,1,"green"
92,"Japanese",28.7,"Android",9,198.4,0,"blue"
92,"Japanese",28.7,"Android",10,180.6,0,"blue"
92,"Japanese",28.7,"Android",11,155.6,1,"green"
92,"Japanese",28.7,"Android",12,176.3,1,"green"
92,"Japanese",28.7,"Android",13,188.8,1,"green"
92,"Japanese",28.7,"Android",14,173.1,1,"green"
92,"Japanese",28.7,"Android",15,203.5,0,"blue"
92,"Japanese",28.7,"Android",16,198.2,0,"blue"
93,"Japanese",56,"Android",1,186.9,0,"blue"
93,"Japanese",56,"Android",2,186.7,0,"blue"
93,"Japanese",56,"Android",3,180.1,0,"blue"
93,"Japanese",56,"Android",4,187.1,1,"green"
93,"Japanese",56,"Android",5,151.1,1,"green"
93,"Japanese",56,"Android",6,202,0,"blue"
93,"Japanese",56,"Android",7,205.6,0,"blue"
93,"Japanese",56,"Android",8,176,1,"green"
93,"Japanese",56,"Android",9,157,1,"green"
93,"Japanese",56,"Android",10,184.8,1,"green"
93,"Japanese",56,"Android",11,182.4,0,"blue"
93,"Japanese",56,"Android",12,204.7,0,"blue"
93,"Japanese",56,"Android",13,167.6,1,"green"
93,"Japanese",56,"Android",14,194.8,0,"blue"
93,"Japanese",56,"Android",15,206,0,"blue"
93,"Japanese",56,"Android",16,152.3,1,"green"
94,"Japanese",57.7,"iPhone",1,185.8,1,"green"
94,"Japanese",57.7,"iPhone",2,174.6,0,"blue"
94,"Japanese",57.7,"iPhone",3,162.1,1,"green"
94,"Japanese",57.7,"iPhone",4,186.9,0,"blue"
94,"Japanese",57.7,"iPhone",5,168.4,1,"green"
94,"Japanese",57.7,"iPhone",6,206.7,0,"blue"
94,"Japanese",57.7,"iPhone",7,206.6,0,"blue"
94,"Japanese",57.7,"iPhone",8,204.6,0,"blue"
94,"Japanese",57.7,"iPhone",9,169.8,0,"blue"
94,"Japanese",57.7,"iPhone",10,175.1,1,"green"
94,"Japanese",57.7,"iPhone",11,196.6,0,"blue"
94,"Japanese",57.7,"iPhone",12,164.9,0,"blue"
94,"Japanese",57.7,"iPhone",13,155.2,1,"green"
94,"Japanese",57.7,"iPhone",14,194.4,0,"blue"
94,"Japanese",57.7,"iPhone",15,156.3,1,"green"
94,"Japanese",57.7,"iPhone",16,168.2,1,"green"
95,"Japanese",21,"iPhone",1,188.4,0,"blue"
95,"Japanese",21,"iPhone",2,164.4,0,"blue"
95,"Japanese",21,"iPhone",3,173.2,1,"green"
95,"Japanese",21,"iPhone",4,179,0,"blue"
95,"Japanese",21,"iPhone",5,195.7,0,"blue"
95,"Japanese",21,"iPhone",6,171.7,0,"blue"
95,"Japanese",21,"iPhone",7,201.8,1,"green"
95,"Japanese",21,"iPhone",8,167.6,1,"green"
95,"Japanese",21,"iPhone",9,156.2,1,"green"
95,"Japanese",21,"iPhone",10,178.8,0,"blue"
95,"Japanese",21,"iPhone",11,162.9,1,"green"
95,"Japanese",21,"iPhone",12,191.3,0,"blue"
95,"Japanese",21,"iPhone",13,197.3,1,"green"
95,"Japanese",21,"iPhone",14,156.5,1,"green"
95,"Japanese",21,"iPhone",15,178,0,"blue"
95,"Japanese",21,"iPhone",16,168.3,1,"green"
96,"Japanese",20.1,"iPhone",1,153.3,1,"green"
96,"Japanese",20.1,"iPhone",2,161.3,1,"green"
96,"Japanese",20.1,"iPhone",3,197.8,0,"blue"
96,"Japanese",20.1,"iPhone",4,153.8,1,"green"
96,"Japanese",20.1,"iPhone",5,164.1,0,"blue"
96,"Japanese",20.1,"iPhone",6,182.1,0,"blue"
96,"Japanese",20.1,"iPhone",7,185.5,0,"blue"
96,"Japanese",20.1,"iPhone",8,156.6,1,"green"
96,"Japanese",20.1,"iPhone",9,160.2,0,"blue"
96,"Japanese",20.1,"iPhone",10,187.2,0,"blue"
96,"Japanese",20.1,"iPhone",11,207.6,0,"blue"
96,"Japanese",20.1,"iPhone",12,191.5,0,"blue"
96,"Japanese",20.1,"iPhone",13,183,1,"green"
96,"Japanese",20.1,"iPhone",14,186.5,0,"blue"
96,"Japanese",20.1,"iPhone",15,174.6,0,"blue"
96,"Japanese",20.1,"iPhone",16,159.1,1,"green"
97,"Japanese",62.9,"Android",1,178,1,"green"
97,"Japanese",62.9,"Android",2,162.7,1,"green"
97,"Japanese",62.9,"Android",3,201.5,0,"blue"
97,"Japanese",62.9,"Android",4,185.7,1,"green"
97,"Japanese",62.9,"Android",5,181.5,0,"blue"
97,"Japanese",62.9,"Android",6,182.6,0,"blue"
97,"Japanese",62.9,"Android",7,175,1,"green"
97,"Japanese",62.9,"Android",8,155.5,1,"green"
97,"Japanese",62.9,"Android",9,199.7,0,"blue"
97,"Japanese",62.9,"Android",10,193.2,1,"green"
97,"Japanese",62.9,"Android",11,188.7,0,"blue"
97,"Japanese",62.9,"Android",12,174,1,"green"
97,"Japanese",62.9,"Android",13,152.6,1,"green"
97,"Japanese",62.9,"Android",14,158,1,"green"
97,"Japanese",62.9,"Android",15,152,1,"green"
97,"Japanese",62.9,"Android",16,172.5,1,"green"
98,"Japanese",59.3,"iPhone",1,158.9,1,"green"
98,"Japanese",59.3,"iPhone",2,172.6,1,"green"
98,"Japanese",59.3,"iPhone",3,154.5,1,"green"
98,"Japanese",59.3,"iPhone",4,193.2,0,"blue"
98,"Japanese",59.3,"iPhone",5,192.9,0,"blue"
98,"Japanese",59.3,"iPhone",6,187.9,0,"blue"
98,"Japanese",59.3,"iPhone",7,163.5,1,"green"
98,"Japanese",59.3,"iPhone",8,201.1,0,"blue"
98,"Japanese",59.3,"iPhone",9,197,0,"blue"
98,"Japanese",59.3,"iPhone",10,206.8,0,"blue"
98,"Japanese",59.3,"iPhone",11,157.4,0,"blue"
98,"Japanese",59.3,"iPhone",12,181.4,0,"blue"
98,"Japanese",59.3,"iPhone",13,161.6,1,"green"
98,"Japanese",59.3,"iPhone",14,201.7,0,"blue"
98,"Japanese",59.3,"iPhone",15,191.3,0,"blue"
98,"Japanese",59.3,"iPhone",16,206,0,"blue"
99,"Japanese",20.6,"Other",1,208.8,0,"blue"
99,"Japanese",20.6,"Other",2,156.4,0,"blue"
99,"Japanese",20.6,"Other",3,183.5,0,"blue"
99,"Japanese",20.6,"Other",4,184.4,0,"blue"
99,"Japanese",20.6,"Other",5,204.9,0,"blue"
99,"Japanese",20.6,"Other",6,180.9,0,"blue"
99,"Japanese",20.6,"Other",7,207.3,0,"blue"
99,"Japanese",20.6,"Other",8,177,0,"blue"
99,"Japanese",20.6,"Other",9,157.2,0,"blue"
99,"Japanese",20.6,"Other",10,188.1,1,"green"
99,"Japanese",20.6,"Other",11,160.8,1,"green"
99,"Japanese",20.6,"Other",12,160.9,0,"blue"
99,"Japanese",20.6,"Other",13,204.3,0,"blue"
99,"Japanese",20.6,"Other",14,166.2,0,"blue"
99,"Japanese",20.6,"Other",15,199,0,"blue"
99,"Japanese",20.6,"Other",16,205,0,"blue"
100,"Japanese",24.4,"Other",1,198.4,0,"blue"
100,"Japanese",24.4,"Other",2,152.7,1,"green"
100,"Japanese",24.4,"Other",3,181.9,0,"blue"
100,"Japanese",24.4,"Other",4,150.9,0,"blue"
100,"Japanese",24.4,"Other",5,193.5,0,"blue"
100,"Japanese",24.4,"Other",6,204.1,0,"blue"
100,"Japanese",24.4,"Other",7,181.8,0,"blue"
100,"Japanese",24.4,"Other",8,158.1,0,"blue"
100,"Japanese",24.4,"Other",9,178.3,1,"green"
100,"Japanese",24.4,"Other",10,190.2,0,"blue"
100,"Japanese",24.4,"Other",11,157.5,1,"green"
100,"Japanese",24.4,"Other",12,172.1,0,"blue"
100,"Japanese",24.4,"Other",13,185.6,0,"blue"
100,"Japanese",24.4,"Other",14,203.9,0,"blue"
100,"Japanese",24.4,"Other",15,205,0,"blue"
100,"Japanese",24.4,"Other",16,153.6,1,"green"
